Transaction_ID,Date,Customer_ID,Customer_Age,Customer_Gender,Product_Category,Quantity,Unit_Price,Total_Amount,Payment_Method,Customer_Rating
TX11094,2025-12-30,CUST1643,20,Male,Clothing,1,54.6,54.6,Debit Card,3
TX10259,2025-06-27,CUST1099,18,Male,Electronics,6,400.33,2401.98,Credit Card,3
TX10078,2026-03-10,CUST1925,68,Male,Books,3,36.36,109.08,Debit Card,3
TX10002,2025-05-09,CUST1642,57,Male,Electronics,2,271.44,542.88,Cash,2
TX10934,2025-11-22,CUST1661,50,Male,Home & Kitchen,7,284.43,1991.01,PayPal,3
TX10426,2025-03-06,CUST1040,59,Unknown,Clothing,6,328.33,1969.98,Cash,1
TX10473,2025-11-11,CUST1316,39,Female,Clothing,1,410.19,410.19,PayPal,1
TX10210,2025-09-15,CUST1807,21,Male,Books,3,98.1,294.3,Credit Card,5
TX10787,2025-10-31,CUST1451,47,Female,Clothing,9,401.48,3613.32,Debit Card,3
TX11007,2025-03-29,CUST1034,67,Female,Clothing,14,34.87,488.18,PayPal,4
TX10007,2026-03-08,CUST1593,48,Female,Clothing,7,276.4,1934.8,Credit Card,3
TX10852,2026-02-27,CUST1373,41,Male,Electronics,6,274.11,1644.66,Debit Card,5
TX10622,2025-02-11,CUST1749,25,Male,Books,3,267.29,801.87,Credit Card,4
TX10009,2025-11-25,CUST1134,60,Male,Electronics,8,137.96,1103.68,Cash,5
TX10066,2025-11-30,CUST1092,39,Male,Electronics,6,415.77,2494.62,E-Wallet,3
TX10495,2026-01-28,CUST1931,58,Female,Clothing,10,263.02,2630.2,Unknown,4
TX10367,2025-11-13,CUST1302,46,Unknown,Unknown,7,78.46,549.22,Credit Card,1
TX10023,2025-09-12,CUST1334,41,Male,Electronics,4,352.4,1409.6,Cash,3
TX11148,2025-11-25,CUST1765,20,Male,Electronics,3,82.43,247.29,Credit Card,4
TX10790,2025-09-05,CUST1425,49,Female,Books,6,216.84,1301.04,Cash,1
TX11142,2026-02-17,CUST1179,63,Female,Clothing,4,49.28,197.12,Debit Card,4
TX10560,2025-06-02,CUST1205,44,Male,Clothing,5,235.84,1179.2,PayPal,5
TX10492,2025-02-07,CUST1135,57,Female,Home & Kitchen,1,496.45,496.45,Credit Card,3
TX10632,2025-08-30,CUST1805,25,Unknown,Home & Kitchen,8,259.98,2079.84,Credit Card,2
TX10009,2025-08-01,CUST1552,46,Male,Electronics,10,23.39,233.9,Unknown,3
TX10090,2025-08-30,CUST1897,70,Male,Clothing,6,21.86,131.16,PayPal,1
TX10731,2025-06-24,CUST1994,63,Unknown,Electronics,8,24.87,198.96,PayPal,1
TX10352,2025-06-10,CUST1374,66,Unknown,Clothing,2,381.2,762.4,Debit Card,3
TX10575,2026-01-11,CUST1543,58,Male,Electronics,6,297.06,1782.36,PayPal,4
TX10035,2025-07-24,CUST1513,55,Male,Books,3,103.31,309.93,Credit Card,4
TX10296,2026-01-25,CUST1935,46,Male,Books,2,254.8,509.6,PayPal,3
TX11038,2025-09-21,CUST1279,55,Male,Home & Kitchen,1,274.13,274.13,Credit Card,3
TX10164,2025-06-13,CUST1850,46,Unknown,Home & Kitchen,7,259.98,1819.86,Cash,3
TX10607,2025-08-27,CUST1168,46,Male,Books,8,306.39,2451.12,Debit Card,3
TX10750,2025-05-17,CUST1263,21,Male,Home & Kitchen,2,494.32,988.64,Credit Card,4
TX10534,2025-05-07,CUST1935,45,Unknown,Books,5,339.37,1696.85,PayPal,1
TX10212,2025-08-30,CUST1844,48,Female,Clothing,9,256.97,2312.73,Cash,3
TX10054,2025-05-29,CUST1966,46,Male,Books,10,153.15,1531.5,Credit Card,1
TX10286,2026-03-19,CUST1493,29,Female,Clothing,9,277.43,2496.87,Cash,3
TX10784,2025-05-08,CUST1990,26,Male,Electronics,8,337.39,2699.12,Cash,5
TX11147,2026-02-21,CUST1825,60,Male,Books,1,150.72,150.72,Cash,3
TX11124,2025-10-23,CUST1302,38,Male,Books,7,386.31,2704.17,Unknown,3
TX10540,2025-04-08,CUST1764,42,Male,Clothing,1,413.93,413.93,PayPal,5
TX11130,2025-09-13,CUST1891,56,Male,Home & Kitchen,9,314.61,2831.49,PayPal,3
TX10684,2025-09-13,CUST1346,66,Male,Clothing,8,195.93,1567.44,Credit Card,3
TX10591,2025-09-12,CUST1823,43,Male,Electronics,2,223.0,446.0,Cash,1
TX10602,2025-02-16,CUST1117,46,Male,Home & Kitchen,5,303.61,1518.05,PayPal,1
TX10049,2025-09-16,CUST1479,26,Male,Unknown,10,138.03,1380.3,PayPal,3
TX10015,2025-05-04,CUST1986,56,Female,Electronics,2,179.22,358.44,PayPal,3
TX10916,2025-10-26,CUST1077,65,Male,Electronics,6,187.12,1122.72,Credit Card,3
TX11041,2025-01-25,CUST1144,62,Female,Home & Kitchen,6,269.72,1618.32,Unknown,3
TX10300,2025-05-25,CUST1772,38,Male,Clothing,4,285.87,1143.48,PayPal,3
TX10545,2025-11-02,CUST1989,53,Unknown,Electronics,4,83.14,332.56,Credit Card,2
TX10762,2025-05-27,CUST_UNKNOWN,30,Male,Electronics,6,121.64,729.84,PayPal,1
TX10420,2026-03-10,CUST1880,63,Male,Electronics,2,334.05,668.1,PayPal,4
TX10584,2025-08-09,CUST1692,40,Male,Books,8,412.57,3300.56,Cash,3
TX10015,2025-05-16,CUST1741,46,Female,Home & Kitchen,5,193.91,969.55,PayPal,3
TX11061,2026-01-27,CUST1690,46,Female,Home & Kitchen,6,259.98,1559.88,PayPal,1
TX10263,2025-07-07,CUST1406,46,Female,Unknown,8,35.99,287.92,E-Wallet,3
TX10800,2025-08-30,CUST1990,62,Male,Home & Kitchen,10,210.99,2109.9,Cash,3
TX10397,2025-10-19,CUST1866,63,Male,Clothing,1,283.55,283.55,E-Wallet,2
TX10823,2025-07-05,CUST1823,40,Female,Books,3,395.4,1186.2,Credit Card,4
TX10830,2025-02-07,CUST1570,55,Female,Clothing,1,315.96,315.96,PayPal,4
TX10915,2025-09-16,CUST1374,60,Male,Electronics,6,469.91,2819.46,PayPal,3
TX11065,2026-01-27,CUST1092,46,Female,Electronics,5,100.54,502.7,Credit Card,5
TX10189,2026-02-27,CUST1809,52,Unknown,Clothing,3,141.23,423.69,Cash,1
TX10294,2025-03-07,CUST1404,45,Male,Unknown,5,69.98,349.9,E-Wallet,1
TX10325,2025-07-21,CUST1014,51,Male,Books,8,419.1,3352.8,Cash,3
TX10998,2026-02-11,CUST1270,42,Male,Electronics,3,282.34,847.02,E-Wallet,5
TX10886,2025-10-13,CUST1549,60,Male,Clothing,3,12.44,37.32,Unknown,3
TX10647,2026-01-22,CUST1126,35,Male,Electronics,5,245.12,1225.6,E-Wallet,3
TX10439,2025-04-12,CUST1465,28,Male,Electronics,5,96.95,484.75,PayPal,5
TX10763,2025-09-14,CUST1377,46,Unknown,Clothing,1,263.02,263.02,Debit Card,4
TX10617,2025-01-24,CUST1688,21,Female,Clothing,10,262.68,2626.8,Unknown,2
TX11037,2025-03-12,CUST1766,36,Female,Clothing,10,263.02,2630.2,PayPal,1
TX10072,2026-02-16,CUST1688,52,Male,Home & Kitchen,6,41.44,248.64,PayPal,2
TX10458,2025-09-23,CUST1268,70,Female,Clothing,9,85.88,772.92,Credit Card,2
TX10192,2025-03-18,CUST1598,57,Male,Home & Kitchen,10,351.36,3513.6,Debit Card,2
TX11012,2025-06-17,CUST1390,65,Unknown,Books,6,154.62,927.72,Cash,3
TX10021,2025-03-25,CUST1842,32,Male,Books,6,290.0,1740.0,Cash,5
TX10202,2025-11-12,CUST1653,53,Male,Electronics,9,245.12,2206.08,Cash,3
TX10979,2025-10-31,CUST1962,50,Male,Books,6,87.71,526.26,E-Wallet,5
TX10834,2025-09-17,CUST1380,69,Male,Electronics,8,215.7,1725.6,Credit Card,3
TX10034,2025-12-29,CUST1110,46,Female,Home & Kitchen,9,259.98,2339.82,PayPal,3
TX10055,2025-09-01,CUST1691,42,Unknown,Electronics,8,268.88,2151.04,Cash,3
TX10261,2025-07-08,CUST1239,68,Female,Books,1,161.7,161.7,Cash,3
TX10187,2025-12-11,CUST1482,46,Female,Home & Kitchen,2,50.26,100.52,Debit Card,5
TX11031,2025-08-02,CUST1025,46,Female,Home & Kitchen,5,412.8,2064.0,Credit Card,2
TX10814,2026-02-12,CUST1634,34,Female,Home & Kitchen,3,491.28,1473.84,E-Wallet,1
TX10892,2025-11-02,CUST1905,67,Unknown,Clothing,2,183.79,367.58,Cash,2
TX10185,2025-05-16,CUST1965,46,Female,Books,6,381.25,2287.5,PayPal,1
TX10716,2026-01-05,CUST1574,58,Male,Books,10,30.74,307.4,Credit Card,3
TX10107,2025-10-26,CUST1335,59,Female,Books,6,122.25,733.5,Credit Card,4
TX11023,2025-03-29,CUST1937,55,Female,Clothing,6,176.57,1059.42,PayPal,3
TX10179,2025-08-30,CUST1624,56,Male,Books,9,153.98,1385.82,Cash,5
TX11108,2025-01-17,CUST1226,64,Male,Unknown,4,322.38,1289.52,Cash,1
TX10021,2025-04-08,CUST1663,46,Female,Books,1,51.46,51.46,PayPal,4
TX10235,2025-08-14,CUST1064,61,Female,Clothing,2,211.48,422.96,Cash,3
TX10195,2025-08-03,CUST1650,29,Male,Home & Kitchen,6,152.39,914.34,PayPal,3
TX10571,2025-07-31,CUST1843,25,Male,Books,9,409.21,3682.89,Credit Card,3
TX10678,2025-07-30,CUST1475,45,Female,Home & Kitchen,6,459.85,2759.1,Credit Card,5
TX10702,2026-03-23,CUST1931,34,Male,Electronics,1,368.08,368.08,PayPal,2
TX10700,2025-12-28,CUST1717,55,Male,Electronics,9,282.48,2542.32,Credit Card,3
TX10269,2025-08-30,CUST1309,18,Female,Clothing,5,97.44,487.2,Cash,3
TX10385,2025-10-15,CUST1664,63,Male,Electronics,3,716.47,2149.41,Unknown,1
TX10631,2025-12-06,CUST1418,46,Female,Electronics,4,716.47,2865.88,Cash,3
TX10289,2025-09-27,CUST1119,46,Male,Clothing,8,40.15,321.2,PayPal,1
TX10807,2025-06-10,CUST1143,67,Male,Electronics,10,28.4,284.0,PayPal,2
TX10348,2025-08-24,CUST1046,46,Male,Books,5,38.19,190.95,E-Wallet,5
TX10524,2025-10-07,CUST1968,37,Unknown,Home & Kitchen,4,127.02,508.08,Cash,1
TX10100,2025-12-13,CUST1038,54,Unknown,Books,2,112.38,224.76,E-Wallet,3
TX10346,2025-08-30,CUST1311,22,Female,Clothing,6,183.98,1103.88,Cash,5
TX10820,2025-04-09,CUST1504,38,Female,Books,5,136.28,681.4,PayPal,4
TX10562,2025-05-23,CUST_UNKNOWN,29,Female,Clothing,4,357.35,1429.4,E-Wallet,2
TX10865,2025-04-26,CUST1099,68,Female,Electronics,10,118.72,1187.2,Cash,2
TX10858,2026-01-30,CUST1240,44,Male,Books,2,60.07,120.14,Cash,5
TX10423,2025-12-27,CUST1908,43,Unknown,Books,1,303.93,303.93,Credit Card,5
TX10018,2025-12-20,CUST1550,32,Male,Books,2,363.41,726.82,PayPal,4
TX10299,2025-06-12,CUST1138,46,Unknown,Unknown,2,276.75,553.5,Credit Card,3
TX10058,2025-06-28,CUST1397,41,Female,Books,8,107.32,858.56,Credit Card,5
TX10298,2025-08-30,CUST1464,66,Male,Clothing,9,319.13,2872.17,Debit Card,1
TX10603,2025-10-21,CUST1379,48,Female,Electronics,10,116.22,1162.2,Debit Card,2
TX10067,2025-07-22,CUST1686,46,Female,Books,10,254.8,2548.0,Credit Card,5
TX10982,2026-01-31,CUST1972,46,Male,Home & Kitchen,7,442.37,3096.59,Unknown,2
TX10056,2025-05-29,CUST1760,60,Male,Books,2,364.45,728.9,Cash,5
TX10654,2025-05-28,CUST1713,33,Female,Clothing,8,263.02,2104.16,Unknown,4
TX10057,2025-06-27,CUST1968,57,Male,Books,4,257.39,1029.56,Cash,2
TX10063,2025-12-02,CUST1553,46,Male,Clothing,10,170.45,1704.5,Unknown,4
TX10805,2026-01-18,CUST1429,46,Male,Electronics,1,236.24,236.24,Cash,1
TX10483,2025-08-30,CUST1601,68,Female,Electronics,7,209.53,1466.71,Cash,3
TX10032,2026-02-28,CUST1760,46,Female,Books,8,433.37,3466.96,Unknown,3
TX11127,2025-10-15,CUST1744,64,Male,Clothing,6,15.23,91.38,PayPal,3
TX10246,2025-03-12,CUST_UNKNOWN,51,Female,Home & Kitchen,9,411.97,3707.73,E-Wallet,3
TX10387,2025-11-12,CUST1906,41,Female,Electronics,5,716.47,3582.35,Cash,1
TX10332,2025-05-05,CUST_UNKNOWN,50,Male,Books,9,391.53,3523.77,PayPal,3
TX10840,2025-12-09,CUST1670,20,Male,Home & Kitchen,5,72.67,363.35,Cash,1
TX10121,2025-11-23,CUST1101,59,Unknown,Home & Kitchen,9,462.92,4166.28,E-Wallet,5
TX10081,2025-01-27,CUST1853,50,Male,Books,8,254.8,2038.4,Credit Card,3
TX10011,2025-07-31,CUST1501,24,Female,Clothing,3,354.39,1063.17,E-Wallet,3
TX10442,2026-01-03,CUST1630,67,Female,Books,6,148.99,893.94,Credit Card,2
TX11117,2025-02-21,CUST1417,18,Unknown,Books,9,712.18,6409.62,Debit Card,5
TX10658,2025-01-03,CUST1961,31,Female,Clothing,3,213.6,640.8,Debit Card,4
TX10231,2025-07-28,CUST1974,67,Female,Clothing,7,314.32,2200.24,E-Wallet,3
TX10662,2025-09-02,CUST1286,61,Female,Home & Kitchen,2,190.27,380.54,PayPal,4
TX10008,2026-01-23,CUST1033,24,Unknown,Unknown,6,75.62,453.72,Credit Card,2
TX10842,2025-06-14,CUST1706,62,Female,Clothing,9,162.5,1462.5,E-Wallet,3
TX10067,2025-11-27,CUST1379,65,Male,Home & Kitchen,4,70.36,281.44,Cash,1
TX11132,2026-01-29,CUST1222,59,Male,Books,4,388.22,1552.88,Cash,3
TX10704,2025-11-30,CUST1454,22,Unknown,Electronics,9,274.22,2467.98,Credit Card,4
TX10581,2025-10-01,CUST1455,27,Female,Clothing,9,204.53,1840.77,PayPal,2
TX10536,2025-03-31,CUST1973,63,Female,Electronics,5,420.65,2103.25,PayPal,5
TX10401,2026-03-05,CUST_UNKNOWN,23,Male,Unknown,6,380.7,2284.2,Debit Card,5
TX10522,2025-01-19,CUST1875,29,Female,Clothing,3,93.59,280.77,E-Wallet,1
TX10860,2025-08-30,CUST1371,53,Male,Clothing,4,471.38,1885.52,Credit Card,2
TX10512,2025-04-06,CUST1101,70,Male,Clothing,3,257.87,773.61,Cash,5
TX10491,2026-03-25,CUST1702,34,Unknown,Clothing,6,231.13,1386.78,Cash,4
TX10148,2025-01-05,CUST1376,46,Female,Electronics,6,214.95,1289.7,PayPal,5
TX10525,2025-10-18,CUST1557,45,Unknown,Home & Kitchen,6,467.55,2805.3,Debit Card,5
TX10356,2025-06-21,CUST1923,42,Female,Unknown,7,430.07,3010.49,E-Wallet,3
TX10371,2025-08-21,CUST1660,46,Male,Electronics,5,264.64,1323.2,Cash,4
TX10457,2025-03-10,CUST1367,64,Unknown,Books,5,376.1,1880.5,Credit Card,4
TX10595,2025-08-30,CUST1062,66,Male,Home & Kitchen,5,318.93,1594.65,Cash,2
TX10363,2026-02-19,CUST1407,20,Male,Books,5,175.37,876.85,E-Wallet,1
TX10087,2025-06-19,CUST1282,22,Unknown,Home & Kitchen,6,203.79,1222.74,Unknown,2
TX10641,2026-01-10,CUST1194,46,Male,Clothing,6,397.46,2384.76,Debit Card,3
TX10706,2025-11-28,CUST1991,68,Female,Home & Kitchen,7,259.98,1819.86,Credit Card,3
TX10017,2026-01-03,CUST1125,46,Male,Clothing,7,263.02,1841.14,Debit Card,5
TX10034,2025-01-08,CUST1971,66,Unknown,Books,7,18.8,131.6,Credit Card,1
TX10827,2026-02-09,CUST1868,46,Male,Books,7,104.54,731.78,Debit Card,4
TX10153,2025-10-18,CUST1843,60,Unknown,Electronics,3,716.47,2149.41,Credit Card,3
TX10028,2025-03-31,CUST1465,28,Female,Electronics,6,201.39,1208.34,Debit Card,3
TX10404,2026-02-28,CUST1093,26,Male,Electronics,4,245.12,980.48,Debit Card,4
TX10657,2025-09-21,CUST1678,68,Male,Books,5,23.36,116.8,Cash,3
TX11034,2025-02-14,CUST1217,52,Unknown,Electronics,6,233.26,1399.56,PayPal,3
TX10482,2025-12-09,CUST1657,58,Unknown,Electronics,7,375.13,2625.91,PayPal,5
TX10996,2025-04-05,CUST1654,61,Female,Books,6,96.0,576.0,E-Wallet,3
TX11026,2025-09-02,CUST_UNKNOWN,68,Male,Books,4,449.77,1799.08,Credit Card,4
TX10920,2025-05-08,CUST1994,59,Unknown,Electronics,10,410.52,4105.2,PayPal,4
TX10510,2025-05-14,CUST1021,18,Male,Books,5,99.87,499.35,Debit Card,3
TX10976,2025-05-01,CUST_UNKNOWN,53,Male,Home & Kitchen,4,247.84,991.36,PayPal,4
TX10587,2025-08-30,CUST1805,20,Female,Books,8,217.99,1743.92,PayPal,2
TX10910,2025-06-18,CUST1341,46,Female,Books,6,452.18,2713.08,PayPal,2
TX10214,2025-10-26,CUST1249,53,Male,Unknown,1,492.12,492.12,Credit Card,3
TX10778,2025-05-14,CUST1128,46,Female,Clothing,7,152.3,1066.1,PayPal,3
TX10943,2025-12-21,CUST1805,65,Unknown,Home & Kitchen,8,259.98,2079.84,PayPal,3
TX10331,2025-02-01,CUST1578,40,Female,Home & Kitchen,10,281.72,2817.2,Credit Card,3
TX10898,2025-08-27,CUST1210,59,Male,Books,6,492.72,2956.32,Cash,2
TX10479,2025-03-23,CUST1070,27,Male,Electronics,6,177.88,1067.28,Cash,2
TX10057,2025-12-18,CUST1849,46,Unknown,Books,6,432.79,2596.74,Cash,3
TX10714,2025-12-20,CUST1783,34,Female,Unknown,5,370.96,1854.8,Credit Card,3
TX10666,2025-11-24,CUST1567,29,Female,Unknown,3,209.65,628.95,E-Wallet,4
TX10717,2025-07-08,CUST1212,54,Female,Home & Kitchen,2,326.12,652.24,Cash,5
TX10874,2025-04-23,CUST1600,66,Male,Books,7,70.83,495.81,Debit Card,4
TX10400,2025-09-02,CUST1221,46,Female,Books,3,191.58,574.74,PayPal,4
TX10937,2025-08-21,CUST1832,53,Male,Books,10,18.85,188.5,PayPal,2
TX10843,2025-08-30,CUST1890,60,Male,Books,2,258.63,517.26,PayPal,2
TX10938,2026-01-23,CUST1238,24,Male,Books,6,712.18,4273.08,Debit Card,1
TX10410,2026-01-26,CUST1336,55,Unknown,Clothing,5,151.78,758.9,Credit Card,5
TX10461,2025-12-15,CUST1792,39,Unknown,Home & Kitchen,5,468.13,2340.65,Credit Card,3
TX11096,2025-09-27,CUST1151,60,Female,Books,3,232.02,696.06,Credit Card,3
TX10386,2025-09-28,CUST1807,24,Male,Clothing,2,405.59,811.18,Cash,5
TX10618,2025-02-09,CUST1922,22,Male,Books,6,254.8,1528.8,PayPal,4
TX10434,2025-02-01,CUST1610,38,Male,Home & Kitchen,6,471.87,2831.22,Credit Card,2
TX10883,2025-10-21,CUST1002,39,Female,Clothing,6,316.0,1896.0,Credit Card,1
TX10112,2025-03-26,CUST1283,37,Male,Clothing,4,436.09,1744.36,PayPal,2
TX10653,2026-03-14,CUST1879,27,Male,Electronics,8,416.84,3334.72,Debit Card,1
TX10605,2025-03-01,CUST1148,41,Male,Clothing,6,382.15,2292.9,Credit Card,3
TX11009,2026-01-03,CUST1133,46,Unknown,Unknown,5,341.2,1706.0,PayPal,5
TX10068,2025-02-16,CUST1553,38,Female,Electronics,1,428.56,428.56,Credit Card,1
TX10845,2026-02-19,CUST1256,32,Male,Electronics,7,265.88,1861.16,Credit Card,3
TX10220,2025-08-30,CUST1817,59,Male,Clothing,8,393.93,3151.44,Debit Card,2
TX10851,2025-09-20,CUST1178,41,Female,Home & Kitchen,9,322.02,2898.18,PayPal,1
TX10863,2025-08-30,CUST1112,64,Female,Clothing,9,82.0,738.0,Unknown,1
TX10160,2025-10-14,CUST1676,48,Female,Clothing,10,154.26,1542.6,PayPal,3
TX10347,2025-12-11,CUST1887,46,Female,Books,1,254.8,254.8,Unknown,2
TX11062,2026-01-06,CUST1026,49,Male,Electronics,6,398.23,2389.38,Credit Card,2
TX11092,2025-07-22,CUST1134,29,Female,Clothing,8,263.02,2104.16,Credit Card,3
TX10544,2026-02-23,CUST1015,23,Female,Electronics,6,63.09,378.54,Cash,1
TX10945,2026-01-17,CUST1366,70,Male,Electronics,2,405.47,810.94,Debit Card,1
TX10048,2025-10-24,CUST1808,52,Unknown,Home & Kitchen,9,392.46,3532.14,Cash,3
TX10272,2025-01-24,CUST1807,64,Female,Clothing,9,220.64,1985.76,PayPal,4
TX10531,2025-06-26,CUST1243,22,Unknown,Books,9,480.71,4326.39,Cash,2
TX10529,2025-10-05,CUST1602,19,Male,Clothing,2,314.89,629.78,Credit Card,3
TX10738,2025-02-05,CUST1331,58,Male,Books,8,283.38,2267.04,Credit Card,3
TX11002,2025-01-17,CUST1016,55,Unknown,Books,4,323.72,1294.88,Cash,1
TX10168,2025-07-29,CUST1178,67,Female,Electronics,7,214.67,1502.69,Debit Card,3
TX10917,2026-01-29,CUST1271,20,Female,Books,8,324.55,2596.4,E-Wallet,3
TX10614,2026-01-28,CUST1053,52,Male,Home & Kitchen,3,115.79,347.37,Credit Card,4
TX11120,2025-07-11,CUST1129,52,Female,Books,2,497.4,994.8,Credit Card,5
TX10502,2025-08-18,CUST1759,67,Male,Clothing,10,307.3,3073.0,Credit Card,2
TX11036,2025-07-12,CUST1431,43,Male,Clothing,9,334.65,3011.85,Cash,3
TX10835,2025-08-30,CUST1538,67,Unknown,Electronics,7,328.59,2300.13,Debit Card,3
TX10715,2025-12-01,CUST1116,36,Male,Home & Kitchen,7,264.9,1854.3,Cash,2
TX10816,2025-03-02,CUST1763,50,Male,Books,1,284.97,284.97,Credit Card,2
TX10376,2025-10-03,CUST1065,43,Female,Electronics,7,411.2,2878.4,Debit Card,4
TX10887,2025-09-28,CUST1487,18,Female,Home & Kitchen,4,11.51,46.04,PayPal,4
TX10022,2026-01-08,CUST1459,69,Female,Clothing,3,209.66,628.98,E-Wallet,5
TX11125,2026-03-04,CUST1796,46,Male,Electronics,4,490.98,1963.92,Debit Card,3
TX10861,2026-01-23,CUST1370,50,Male,Clothing,6,287.47,1724.82,Cash,3
TX10382,2025-06-02,CUST1525,28,Female,Home & Kitchen,4,24.67,98.68,PayPal,3
TX10894,2025-12-11,CUST1607,54,Male,Clothing,10,394.2,3942.0,PayPal,4
TX10709,2025-09-30,CUST1111,27,Male,Unknown,6,383.92,2303.52,Cash,3
TX10935,2026-02-26,CUST1462,48,Female,Electronics,10,81.84,818.4,Debit Card,3
TX10241,2025-08-30,CUST1515,46,Female,Clothing,3,55.81,167.43,Cash,5
TX10780,2025-06-27,CUST1226,49,Unknown,Books,3,290.73,872.19,E-Wallet,1
TX10073,2025-05-22,CUST1968,34,Male,Electronics,9,318.87,2869.83,Credit Card,3
TX10126,2026-03-25,CUST1629,20,Unknown,Home & Kitchen,1,116.15,116.15,PayPal,4
TX10177,2025-01-17,CUST1044,51,Male,Books,9,406.28,3656.52,Debit Card,4
TX10837,2025-11-11,CUST_UNKNOWN,41,Male,Books,2,417.0,834.0,Cash,3
TX10701,2025-05-04,CUST1802,46,Unknown,Home & Kitchen,6,385.58,2313.48,Credit Card,2
TX10277,2025-02-04,CUST1930,20,Male,Home & Kitchen,6,163.71,982.26,Debit Card,4
TX11088,2025-11-01,CUST1887,46,Female,Electronics,4,462.67,1850.68,E-Wallet,1
TX10775,2025-08-17,CUST1674,51,Male,Home & Kitchen,7,423.22,2962.54,Credit Card,2
TX11100,2025-05-06,CUST1533,35,Unknown,Clothing,14,263.02,3682.28,PayPal,3
TX11113,2025-07-25,CUST_UNKNOWN,34,Female,Books,6,297.93,1787.58,Cash,1
TX10170,2025-04-30,CUST1469,54,Male,Books,6,426.38,2558.28,Credit Card,1
TX10314,2026-01-22,CUST_UNKNOWN,59,Male,Home & Kitchen,8,450.51,3604.08,Cash,5
TX10726,2025-03-13,CUST1987,55,Male,Electronics,7,417.94,2925.58,E-Wallet,2
TX10729,2025-04-30,CUST1031,22,Unknown,Books,6,378.64,2271.84,Unknown,1
TX10427,2025-10-23,CUST1062,42,Male,Home & Kitchen,8,337.18,2697.44,PayPal,3
TX10600,2025-05-02,CUST1490,46,Female,Electronics,4,304.19,1216.76,Cash,4
TX11006,2026-03-25,CUST1867,40,Male,Electronics,7,200.75,1405.25,PayPal,4
TX10092,2025-12-05,CUST_UNKNOWN,40,Male,Home & Kitchen,2,745.3,1490.6,Unknown,2
TX11072,2025-07-31,CUST1436,48,Male,Home & Kitchen,3,745.3,2235.9,Cash,2
TX10796,2025-05-21,CUST_UNKNOWN,18,Female,Home & Kitchen,10,49.79,497.9,Credit Card,4
TX10719,2025-10-13,CUST_UNKNOWN,26,Male,Electronics,2,309.83,619.66,E-Wallet,3
TX10089,2025-11-17,CUST1502,32,Female,Home & Kitchen,4,413.43,1653.72,PayPal,1
TX10280,2025-08-30,CUST1729,59,Male,Clothing,8,473.22,3785.76,PayPal,3
TX10508,2025-01-25,CUST1931,27,Female,Electronics,6,37.43,224.58,PayPal,5
TX10010,2025-11-26,CUST1454,41,Female,Home & Kitchen,6,49.25,295.5,Debit Card,5
TX10912,2026-02-07,CUST1075,70,Male,Home & Kitchen,4,45.85,183.4,E-Wallet,2
TX10046,2025-08-30,CUST1920,32,Female,Home & Kitchen,14,36.62,512.68,PayPal,3
TX10013,2025-07-29,CUST1082,39,Female,Home & Kitchen,5,96.82,484.1,PayPal,2
TX11064,2025-06-03,CUST1329,48,Female,Home & Kitchen,8,105.99,847.92,Cash,2
TX11110,2025-04-05,CUST1622,48,Unknown,Electronics,7,227.22,1590.54,PayPal,1
TX10221,2025-05-04,CUST1151,28,Female,Clothing,7,80.39,562.73,PayPal,3
TX10879,2025-06-03,CUST1067,44,Female,Electronics,6,118.05,708.3,Cash,3
TX10526,2026-02-17,CUST1129,20,Female,Electronics,5,18.24,91.2,E-Wallet,2
TX11045,2025-01-30,CUST1281,55,Male,Books,7,226.92,1588.44,Cash,5
TX10967,2025-08-02,CUST1639,46,Female,Books,6,89.53,537.18,Credit Card,2
TX10276,2025-07-18,CUST1648,54,Male,Home & Kitchen,2,230.02,460.04,PayPal,1
TX10256,2025-05-11,CUST1599,46,Female,Electronics,7,207.58,1453.06,E-Wallet,3
TX10139,2025-06-19,CUST1561,29,Unknown,Books,1,338.98,338.98,Debit Card,5
TX10206,2025-08-19,CUST1729,43,Male,Home & Kitchen,6,178.83,1072.98,Credit Card,3
TX10872,2025-02-17,CUST_UNKNOWN,46,Female,Electronics,6,55.11,330.66,Debit Card,3
TX10239,2025-01-27,CUST1390,64,Unknown,Home & Kitchen,4,365.24,1460.96,Cash,3
TX10615,2025-07-13,CUST1611,70,Male,Clothing,1,462.19,462.19,Cash,3
TX10959,2026-03-24,CUST1543,23,Male,Home & Kitchen,3,491.17,1473.51,Debit Card,1
TX10742,2025-04-07,CUST1301,56,Unknown,Unknown,8,466.92,3735.36,Unknown,5
TX10157,2025-09-03,CUST1464,46,Unknown,Electronics,1,391.09,391.09,Credit Card,4
TX10084,2026-03-22,CUST1517,32,Male,Home & Kitchen,4,468.92,1875.68,Cash,5
TX10712,2025-06-05,CUST1619,56,Male,Books,5,138.77,693.85,Cash,3
TX10328,2025-04-19,CUST1440,46,Male,Unknown,7,756.22,5293.54,Debit Card,5
TX10072,2026-01-15,CUST1101,29,Unknown,Electronics,7,53.7,375.9,PayPal,1
TX10659,2026-01-18,CUST1812,50,Male,Electronics,9,466.38,4197.42,E-Wallet,3
TX10474,2025-05-05,CUST1718,64,Male,Electronics,6,466.0,2796.0,Cash,1
TX11027,2025-07-23,CUST1117,47,Female,Books,2,458.75,917.5,E-Wallet,3
TX10633,2025-10-10,CUST1873,22,Female,Home & Kitchen,1,238.92,238.92,E-Wallet,4
TX10361,2026-02-02,CUST1670,42,Unknown,Home & Kitchen,5,237.48,1187.4,Cash,2
TX11112,2025-07-14,CUST1666,19,Male,Home & Kitchen,6,498.09,2988.54,Cash,2
TX10101,2025-10-01,CUST1898,50,Female,Electronics,6,342.24,2053.44,Unknown,3
TX11118,2025-06-07,CUST1787,70,Female,Books,6,254.8,1528.8,PayPal,2
TX10942,2025-07-04,CUST1564,24,Male,Electronics,1,117.25,117.25,Credit Card,3
TX10119,2025-08-27,CUST1738,57,Male,Electronics,8,414.33,3314.64,PayPal,3
TX10855,2025-08-30,CUST1886,46,Female,Unknown,3,322.38,967.14,PayPal,2
TX10419,2026-01-25,CUST1220,66,Female,Electronics,6,245.12,1470.72,PayPal,3
TX10831,2025-04-15,CUST1440,48,Female,Home & Kitchen,7,745.3,5217.1,PayPal,3
TX10147,2025-06-10,CUST1462,56,Male,Books,9,229.27,2063.43,Credit Card,3
TX11044,2025-01-24,CUST1909,18,Female,Electronics,2,277.14,554.28,Debit Card,4
TX10016,2026-01-15,CUST1233,67,Male,Home & Kitchen,4,300.35,1201.4,Credit Card,4
TX10402,2025-01-09,CUST1423,45,Female,Electronics,2,92.66,185.32,Unknown,5
TX10504,2025-10-11,CUST1347,41,Unknown,Electronics,8,33.41,267.28,PayPal,2
TX10304,2025-06-01,CUST1847,62,Male,Electronics,7,154.07,1078.49,Unknown,5
TX11131,2025-04-11,CUST_UNKNOWN,32,Male,Home & Kitchen,9,410.56,3695.04,E-Wallet,3
TX10954,2025-04-28,CUST1408,46,Male,Home & Kitchen,10,149.53,1495.3,Debit Card,1
TX10904,2025-10-19,CUST1425,42,Male,Books,1,231.35,231.35,Credit Card,2
TX10773,2025-09-13,CUST1747,69,Unknown,Clothing,8,417.68,3341.44,PayPal,4
TX10038,2025-05-12,CUST1097,46,Female,Books,5,271.75,1358.75,PayPal,5
TX10282,2026-01-06,CUST1320,54,Male,Home & Kitchen,9,453.47,4081.23,PayPal,4
TX10088,2025-08-24,CUST1437,26,Female,Books,10,254.8,2548.0,Credit Card,3
TX10971,2026-01-11,CUST1320,67,Female,Electronics,2,458.43,916.86,Credit Card,2
TX10080,2025-08-30,CUST1681,23,Female,Clothing,10,418.64,4186.4,Unknown,1
TX11046,2026-01-04,CUST_UNKNOWN,52,Male,Books,4,440.31,1761.24,E-Wallet,2
TX11134,2025-04-05,CUST1383,30,Female,Home & Kitchen,3,298.61,895.83,E-Wallet,4
TX10503,2025-09-26,CUST1976,65,Male,Books,2,254.8,509.6,Cash,2
TX10320,2026-03-06,CUST1156,54,Unknown,Home & Kitchen,7,264.52,1851.64,Cash,2
TX10905,2025-08-30,CUST1703,51,Male,Electronics,6,716.47,4298.82,Debit Card,3
TX10050,2026-01-27,CUST1945,46,Female,Clothing,4,369.93,1479.72,Credit Card,5
TX10480,2025-07-31,CUST1485,69,Male,Clothing,5,368.3,1841.5,Debit Card,3
TX11035,2026-03-08,CUST1068,41,Female,Electronics,8,124.59,996.72,Debit Card,3
TX11085,2025-02-04,CUST1093,45,Male,Electronics,6,414.9,2489.4,PayPal,1
TX10563,2025-01-05,CUST_UNKNOWN,34,Male,Clothing,5,274.29,1371.45,Unknown,1
TX10770,2025-09-16,CUST1087,52,Female,Books,3,425.56,1276.68,Cash,3
TX10623,2025-07-11,CUST1095,41,Unknown,Electronics,6,343.95,2063.7,Credit Card,3
TX10966,2025-11-13,CUST1442,61,Female,Home & Kitchen,6,24.29,145.74,PayPal,2
TX10857,2025-12-04,CUST1098,31,Male,Home & Kitchen,1,377.63,377.63,Cash,4
TX10226,2025-01-09,CUST1762,68,Male,Clothing,7,263.02,1841.14,Credit Card,1
TX10485,2025-09-30,CUST_UNKNOWN,29,Female,Electronics,4,298.42,1193.68,Cash,3
TX10489,2025-08-30,CUST1381,53,Male,Clothing,6,220.06,1320.36,Debit Card,3
TX11049,2025-09-29,CUST1831,37,Male,Books,1,497.29,497.29,Credit Card,2
TX10115,2025-10-02,CUST1133,67,Male,Clothing,4,263.02,1052.08,Cash,5
TX10740,2025-01-09,CUST1569,65,Female,Clothing,6,469.72,2818.32,Credit Card,1
TX10395,2026-02-17,CUST1061,60,Male,Books,8,208.49,1667.92,Cash,2
TX10310,2025-02-24,CUST1600,32,Male,Home & Kitchen,6,81.81,490.86,Cash,5
TX10213,2025-09-26,CUST1979,62,Unknown,Electronics,10,188.89,1888.9,E-Wallet,1
TX10792,2025-05-04,CUST1575,46,Unknown,Electronics,4,274.9,1099.6,PayPal,5
TX10060,2025-11-14,CUST1575,43,Male,Clothing,5,421.93,2109.65,Credit Card,2
TX10744,2026-02-22,CUST1337,69,Male,Unknown,2,318.3,636.6,PayPal,3
TX10455,2025-05-17,CUST1686,62,Female,Home & Kitchen,9,88.02,792.18,Credit Card,2
TX10155,2025-02-10,CUST1125,21,Female,Unknown,6,756.22,4537.32,Cash,5
TX10895,2025-07-27,CUST1420,58,Unknown,Books,3,17.27,51.81,Credit Card,3
TX10076,2025-10-17,CUST1362,23,Female,Electronics,8,494.55,3956.4,E-Wallet,4
TX11058,2025-12-23,CUST1894,48,Male,Electronics,8,346.51,2772.08,Cash,3
TX10799,2025-06-03,CUST_UNKNOWN,46,Female,Clothing,6,83.67,502.02,Credit Card,2
TX10891,2025-12-01,CUST1963,34,Unknown,Books,5,329.14,1645.7,Unknown,2
TX10322,2025-02-17,CUST1768,23,Unknown,Electronics,6,45.65,273.9,E-Wallet,5
TX10295,2025-07-14,CUST_UNKNOWN,64,Male,Home & Kitchen,1,170.42,170.42,Debit Card,1
TX10037,2025-10-10,CUST1888,43,Female,Books,6,233.8,1402.8,Cash,2
TX10640,2025-01-29,CUST1937,51,Male,Books,8,29.32,234.56,Cash,2
TX10205,2025-12-26,CUST1738,56,Female,Clothing,2,388.56,777.12,Debit Card,1
TX10033,2025-02-12,CUST1052,67,Female,Home & Kitchen,5,220.68,1103.4,Debit Card,5
TX10984,2026-03-09,CUST1991,58,Female,Books,6,151.51,909.06,Credit Card,3
TX10933,2025-11-27,CUST1294,18,Female,Electronics,7,17.92,125.44,E-Wallet,3
TX10786,2025-10-17,CUST1614,60,Female,Clothing,2,447.17,894.34,E-Wallet,5
TX10537,2025-09-28,CUST1319,46,Unknown,Clothing,6,172.13,1032.78,Unknown,2
TX10751,2025-04-28,CUST1360,20,Male,Electronics,9,306.53,2758.77,Debit Card,4
TX10739,2026-03-21,CUST1106,50,Female,Clothing,4,334.53,1338.12,PayPal,4
TX10599,2025-05-19,CUST1591,32,Female,Electronics,4,487.75,1951.0,E-Wallet,5
TX10245,2025-02-08,CUST1519,61,Female,Books,6,348.79,2092.74,Credit Card,5
TX10697,2025-10-06,CUST1217,33,Male,Electronics,3,153.02,459.06,E-Wallet,4
TX11074,2025-04-02,CUST1158,28,Unknown,Home & Kitchen,9,442.42,3981.78,E-Wallet,1
TX10812,2025-08-30,CUST1672,35,Female,Clothing,9,370.36,3333.24,Cash,4
TX10606,2025-10-28,CUST_UNKNOWN,40,Male,Home & Kitchen,4,318.46,1273.84,PayPal,3
TX10881,2026-01-21,CUST1229,43,Male,Home & Kitchen,9,148.95,1340.55,Credit Card,3
TX10651,2025-02-09,CUST1867,51,Female,Electronics,3,277.39,832.17,Credit Card,3
TX10326,2025-03-25,CUST1110,63,Male,Books,3,407.03,1221.09,E-Wallet,5
TX10383,2025-10-18,CUST1358,23,Female,Clothing,10,350.69,3506.9,Credit Card,3
TX10928,2025-12-13,CUST1865,64,Male,Electronics,3,184.9,554.7,Credit Card,3
TX10149,2025-07-16,CUST1569,55,Male,Home & Kitchen,10,448.65,4486.5,Credit Card,1
TX10428,2026-02-09,CUST1376,70,Female,Clothing,6,201.34,1208.04,Cash,2
TX10724,2025-09-14,CUST1117,56,Male,Books,7,386.86,2708.02,PayPal,5
TX11143,2025-01-28,CUST1780,46,Male,Electronics,9,22.85,205.65,Debit Card,1
TX10140,2025-08-12,CUST1285,46,Female,Home & Kitchen,6,144.7,868.2,Cash,3
TX11076,2026-03-06,CUST1587,29,Female,Clothing,3,482.13,1446.39,Cash,1
TX10844,2025-06-24,CUST1231,24,Male,Electronics,5,317.63,1588.15,PayPal,3
TX10909,2026-02-01,CUST1826,50,Male,Books,5,712.18,3560.9,Unknown,1
TX10007,2025-01-16,CUST1439,25,Female,Books,5,198.39,991.95,Cash,5
TX10870,2026-02-06,CUST1865,34,Male,Books,10,315.58,3155.8,Cash,1
TX10091,2025-09-09,CUST1574,70,Female,Electronics,2,257.84,515.68,Credit Card,1
TX10184,2025-07-02,CUST1997,34,Female,Home & Kitchen,6,85.42,512.52,Credit Card,5
TX10116,2025-08-10,CUST1785,42,Female,Clothing,8,166.86,1334.88,E-Wallet,5
TX10960,2025-12-15,CUST1838,67,Female,Electronics,4,252.01,1008.04,Cash,1
TX10099,2025-02-13,CUST1636,39,Male,Home & Kitchen,3,397.36,1192.08,PayPal,1
TX10936,2026-02-13,CUST1628,46,Male,Home & Kitchen,7,343.97,2407.79,Credit Card,1
TX10144,2026-01-01,CUST1691,55,Male,Home & Kitchen,4,325.34,1301.36,Credit Card,3
TX10463,2025-02-12,CUST1658,48,Male,Home & Kitchen,2,398.28,796.56,E-Wallet,4
TX10869,2025-03-20,CUST1570,22,Male,Electronics,5,350.8,1754.0,Unknown,3
TX10965,2025-12-31,CUST1026,68,Male,Home & Kitchen,7,335.15,2346.05,PayPal,2
TX10301,2026-01-14,CUST1623,46,Female,Books,10,254.8,2548.0,Credit Card,2
TX10515,2025-06-12,CUST1951,69,Female,Electronics,6,366.57,2199.42,Cash,1
TX10645,2025-02-24,CUST1673,40,Unknown,Books,3,233.75,701.25,Credit Card,2
TX10884,2025-01-03,CUST1849,18,Male,Clothing,6,339.78,2038.68,Credit Card,4
TX10919,2025-08-16,CUST1710,34,Female,Electronics,2,450.89,901.78,PayPal,5
TX10064,2026-01-25,CUST1273,23,Male,Books,9,375.77,3381.93,Debit Card,1
TX10756,2025-02-22,CUST1029,65,Male,Electronics,10,141.48,1414.8,Credit Card,1
TX10880,2025-02-14,CUST1184,22,Unknown,Books,8,266.56,2132.48,Cash,4
TX10447,2025-08-09,CUST1279,29,Unknown,Home & Kitchen,2,203.09,406.18,Debit Card,3
TX10390,2025-10-13,CUST1719,40,Female,Books,10,414.97,4149.7,Credit Card,4
TX10274,2025-02-22,CUST1780,54,Female,Clothing,2,100.99,201.98,Cash,4
TX10380,2025-02-15,CUST1316,65,Female,Home & Kitchen,6,476.3,2857.8,Cash,3
TX10766,2025-10-11,CUST1943,30,Female,Books,1,372.29,372.29,PayPal,3
TX10921,2025-11-02,CUST_UNKNOWN,46,Male,Home & Kitchen,5,396.87,1984.35,Credit Card,4
TX10098,2026-03-19,CUST1359,33,Male,Electronics,8,118.88,951.04,Credit Card,3
TX10369,2025-01-07,CUST1006,31,Female,Home & Kitchen,3,259.98,779.94,Cash,5
TX10061,2025-07-31,CUST1185,33,Female,Electronics,8,290.57,2324.56,Cash,5
TX10768,2026-02-03,CUST1890,40,Female,Books,4,208.4,833.6,Cash,2
TX10128,2026-01-07,CUST1146,24,Female,Home & Kitchen,2,345.39,690.78,Cash,1
TX10878,2025-10-20,CUST1579,23,Male,Electronics,14,101.43,1420.02,PayPal,1
TX11075,2025-12-17,CUST1673,60,Male,Clothing,6,363.99,2183.94,PayPal,4
TX10232,2025-03-28,CUST1410,18,Female,Clothing,8,97.17,777.36,Cash,5
TX10462,2025-05-18,CUST1071,52,Female,Home & Kitchen,7,259.98,1819.86,Credit Card,3
TX11040,2025-05-18,CUST1145,46,Female,Clothing,2,263.02,526.04,E-Wallet,5
TX10655,2025-03-16,CUST1758,38,Female,Home & Kitchen,5,259.98,1299.9,Credit Card,4
TX10747,2025-03-27,CUST1648,54,Male,Home & Kitchen,6,178.23,1069.38,Credit Card,5
TX10381,2025-05-22,CUST1995,46,Male,Unknown,6,346.35,2078.1,Cash,5
TX11128,2025-06-03,CUST1031,66,Female,Home & Kitchen,6,431.62,2589.72,E-Wallet,2
TX10176,2026-02-05,CUST1093,35,Unknown,Electronics,6,62.04,372.24,Credit Card,1
TX10779,2025-07-04,CUST1764,66,Male,Home & Kitchen,14,190.92,2672.88,Credit Card,1
TX10642,2025-05-07,CUST1543,21,Female,Unknown,8,326.45,2611.6,Credit Card,1
TX10829,2025-11-01,CUST1220,45,Unknown,Electronics,8,478.57,3828.56,Credit Card,5
TX10188,2025-08-23,CUST1385,46,Unknown,Clothing,7,263.02,1841.14,PayPal,2
TX10297,2025-03-11,CUST1429,40,Male,Home & Kitchen,2,167.02,334.04,Credit Card,5
TX10785,2025-01-04,CUST1464,61,Male,Clothing,14,343.25,4805.5,Debit Card,3
TX10513,2025-06-20,CUST1349,47,Female,Home & Kitchen,10,119.86,1198.6,Cash,4
TX10060,2026-02-16,CUST1161,46,Female,Clothing,9,317.78,2860.02,Cash,5
TX10354,2025-08-14,CUST1378,38,Male,Electronics,7,340.96,2386.72,Cash,3
TX10207,2025-08-09,CUST1319,18,Male,Electronics,2,292.71,585.42,Cash,3
TX10113,2025-06-03,CUST1738,42,Male,Home & Kitchen,2,65.47,130.94,Cash,5
TX10689,2025-11-05,CUST1332,38,Male,Books,6,247.28,1483.68,Credit Card,5
TX10070,2025-09-03,CUST1795,34,Female,Electronics,6,265.56,1593.36,Cash,2
TX10969,2025-04-01,CUST1964,34,Female,Home & Kitchen,10,295.17,2951.7,Unknown,3
TX11019,2025-06-13,CUST1581,48,Female,Clothing,7,28.47,199.29,Debit Card,4
TX10856,2026-01-12,CUST1610,46,Female,Home & Kitchen,1,112.99,112.99,Cash,1
TX10251,2025-10-22,CUST1086,46,Unknown,Clothing,8,169.37,1354.96,E-Wallet,3
TX10364,2025-06-16,CUST1904,44,Female,Clothing,10,170.12,1701.2,E-Wallet,3
TX11122,2025-05-24,CUST1053,41,Female,Books,1,62.54,62.54,PayPal,3
TX10243,2025-07-06,CUST1159,43,Male,Home & Kitchen,6,189.39,1136.34,PayPal,5
TX10774,2025-10-16,CUST1161,29,Female,Home & Kitchen,1,410.59,410.59,Credit Card,1
TX10454,2025-10-31,CUST1772,54,Female,Books,3,424.48,1273.44,Debit Card,2
TX10568,2025-12-16,CUST1632,70,Female,Books,6,126.69,760.14,PayPal,5
TX10459,2026-01-08,CUST1050,35,Female,Books,7,427.26,2990.82,Credit Card,2
TX10755,2025-12-29,CUST1690,53,Female,Books,8,480.3,3842.4,Credit Card,3
TX11136,2025-08-13,CUST1083,42,Male,Home & Kitchen,5,424.84,2124.2,Cash,4
TX10368,2026-03-02,CUST1278,69,Female,Books,6,325.22,1951.32,PayPal,3
TX10528,2026-02-24,CUST1453,46,Male,Books,4,475.69,1902.76,E-Wallet,2
TX11084,2025-12-11,CUST1677,18,Unknown,Electronics,6,27.24,163.44,Cash,1
TX10097,2025-08-30,CUST1434,49,Male,Books,5,233.75,1168.75,Cash,1
TX10264,2025-05-04,CUST1497,58,Female,Clothing,3,474.51,1423.53,Cash,2
TX10672,2025-08-30,CUST1621,64,Female,Home & Kitchen,9,299.95,2699.55,Cash,3
TX10952,2026-01-02,CUST_UNKNOWN,49,Female,Home & Kitchen,7,39.47,276.29,Cash,3
TX10628,2026-02-09,CUST1424,53,Unknown,Home & Kitchen,3,74.5,223.5,Credit Card,2
TX10464,2025-02-07,CUST1279,21,Unknown,Books,2,143.12,286.24,Cash,5
TX10793,2025-11-03,CUST1220,62,Female,Electronics,10,423.9,4239.0,PayPal,2
TX10604,2025-10-26,CUST1773,31,Unknown,Books,4,429.66,1718.64,Unknown,3
TX10637,2025-10-01,CUST1524,48,Male,Electronics,5,89.77,448.85,E-Wallet,5
TX10143,2025-10-06,CUST1116,24,Female,Electronics,2,172.14,344.28,Unknown,3
TX10174,2026-02-09,CUST1353,39,Male,Electronics,6,406.6,2439.6,Cash,1
TX10132,2025-12-26,CUST1440,46,Female,Books,3,38.6,115.8,Unknown,2
TX10797,2025-02-25,CUST1113,69,Female,Electronics,4,388.73,1554.92,Credit Card,2
TX10914,2025-12-03,CUST1290,19,Male,Electronics,8,398.22,3185.76,Credit Card,3
TX10885,2025-03-27,CUST1694,40,Female,Clothing,8,226.68,1813.44,PayPal,1
TX10757,2025-10-16,CUST1694,56,Female,Books,3,92.12,276.36,Credit Card,5
TX10093,2026-01-21,CUST1607,54,Female,Clothing,6,175.57,1053.42,Debit Card,3
TX10828,2026-02-12,CUST1498,46,Female,Home & Kitchen,4,372.99,1491.96,Credit Card,4
TX10913,2025-02-24,CUST1539,67,Unknown,Electronics,9,275.26,2477.34,Cash,4
TX10554,2025-02-20,CUST1683,38,Male,Clothing,9,298.28,2684.52,Credit Card,5
TX11081,2025-04-24,CUST1315,49,Female,Electronics,9,245.12,2206.08,Credit Card,4
TX10172,2025-08-17,CUST1046,46,Male,Electronics,7,359.21,2514.47,Unknown,3
TX11107,2025-07-20,CUST1225,42,Female,Clothing,2,97.11,194.22,Credit Card,2
TX10342,2026-01-31,CUST1404,47,Female,Books,2,479.42,958.84,Debit Card,3
TX11017,2025-06-26,CUST1613,27,Male,Unknown,7,484.14,3388.98,PayPal,3
TX10922,2025-08-30,CUST1056,58,Female,Books,3,219.77,659.31,Debit Card,4
TX10237,2025-06-01,CUST1007,39,Female,Electronics,9,76.7,690.3,Credit Card,1
TX10957,2025-02-13,CUST1209,57,Female,Books,3,442.42,1327.26,Cash,3
TX10661,2026-03-02,CUST_UNKNOWN,22,Unknown,Clothing,6,402.79,2416.74,PayPal,4
TX10708,2025-06-28,CUST1968,39,Female,Home & Kitchen,5,122.49,612.45,E-Wallet,3
TX11082,2025-06-25,CUST1216,38,Female,Books,2,123.72,247.44,E-Wallet,4
TX10142,2026-02-06,CUST1785,63,Female,Electronics,4,245.12,980.48,Cash,3
TX10044,2025-09-24,CUST1140,59,Unknown,Electronics,1,442.71,442.71,Credit Card,4
TX10588,2025-06-28,CUST1782,46,Female,Clothing,3,401.66,1204.98,Debit Card,3
TX10616,2025-02-19,CUST1261,41,Male,Clothing,5,43.93,219.65,Credit Card,4
TX10125,2026-01-05,CUST1296,51,Male,Home & Kitchen,4,176.57,706.28,Unknown,4
TX10650,2025-06-13,CUST1335,46,Male,Electronics,4,110.0,440.0,Cash,4
TX10868,2025-08-30,CUST1122,19,Unknown,Books,4,282.22,1128.88,Unknown,1
TX10903,2026-02-19,CUST1007,33,Male,Home & Kitchen,4,59.18,236.72,E-Wallet,4
TX11003,2025-01-12,CUST1509,65,Male,Electronics,5,427.05,2135.25,E-Wallet,2
TX10374,2025-11-28,CUST1764,23,Female,Books,1,197.7,197.7,Cash,3
TX10825,2025-12-13,CUST1440,43,Male,Home & Kitchen,8,497.6,3980.8,PayPal,5
TX10586,2026-01-15,CUST1179,22,Unknown,Books,7,254.8,1783.6,Debit Card,2
TX10238,2025-09-22,CUST1132,46,Male,Unknown,10,495.33,4953.3,Unknown,3
TX11089,2025-10-10,CUST1389,19,Female,Books,3,230.01,690.03,PayPal,3
TX10396,2025-06-19,CUST1545,51,Female,Home & Kitchen,10,226.12,2261.2,Cash,3
TX10275,2025-08-25,CUST1720,23,Unknown,Books,10,254.8,2548.0,Credit Card,4
TX10989,2026-02-13,CUST1235,57,Unknown,Books,7,13.12,91.84,Credit Card,2
TX10972,2025-11-19,CUST1512,59,Male,Clothing,6,262.5,1575.0,Credit Card,1
TX10846,2025-04-06,CUST1572,46,Female,Clothing,5,92.18,460.9,Cash,3
TX10579,2025-07-22,CUST1853,33,Female,Books,6,112.48,674.88,Cash,5
TX10333,2026-01-13,CUST1684,46,Female,Clothing,6,263.02,1578.12,PayPal,4
TX10494,2025-08-19,CUST1825,26,Male,Home & Kitchen,6,94.71,568.26,PayPal,3
TX10782,2025-08-30,CUST1362,28,Male,Home & Kitchen,6,410.01,2460.06,Cash,2
TX10042,2025-12-27,CUST1073,60,Male,Clothing,3,103.31,309.93,Debit Card,1
TX10667,2025-04-16,CUST1406,38,Male,Home & Kitchen,4,108.09,432.36,Cash,5
TX10445,2026-01-21,CUST1882,47,Female,Electronics,10,422.17,4221.7,E-Wallet,3
TX11137,2025-10-23,CUST1759,46,Female,Books,9,159.39,1434.51,Credit Card,1
TX10470,2026-02-14,CUST1043,46,Female,Books,9,194.81,1753.29,Cash,4
TX10370,2025-07-07,CUST1446,62,Unknown,Clothing,10,54.03,540.3,PayPal,2
TX10443,2025-04-11,CUST1019,55,Male,Home & Kitchen,6,138.57,831.42,Cash,1
TX10108,2025-02-28,CUST1470,58,Male,Home & Kitchen,9,361.6,3254.4,Cash,2
TX10022,2025-12-10,CUST1943,54,Male,Home & Kitchen,4,21.87,87.48,PayPal,5
TX10613,2025-09-28,CUST1079,58,Female,Books,10,241.11,2411.1,Credit Card,2
TX10012,2025-11-02,CUST1882,37,Female,Electronics,8,52.68,421.44,PayPal,4
TX10349,2025-11-09,CUST1320,48,Female,Clothing,8,395.59,3164.72,Debit Card,3
TX10931,2025-10-28,CUST1589,69,Female,Electronics,2,245.24,490.48,Cash,5
TX10557,2025-06-28,CUST1439,37,Female,Books,6,375.95,2255.7,Unknown,3
TX10379,2026-03-09,CUST1587,46,Female,Clothing,8,317.59,2540.72,Credit Card,3
TX10580,2025-11-13,CUST1414,18,Male,Clothing,1,195.67,195.67,Cash,2
TX10355,2026-02-21,CUST1726,70,Male,Clothing,8,471.65,3773.2,Unknown,1
TX10847,2025-11-11,CUST1655,26,Female,Books,3,313.12,939.36,PayPal,1
TX10123,2025-12-11,CUST1427,48,Male,Books,6,390.0,2340.0,Credit Card,4
TX10723,2025-06-10,CUST1296,62,Unknown,Electronics,5,232.25,1161.25,Credit Card,1
TX10104,2025-05-03,CUST1117,46,Male,Electronics,1,281.36,281.36,Credit Card,4
TX10248,2025-03-01,CUST1414,46,Unknown,Unknown,8,202.32,1618.56,Credit Card,5
TX10859,2025-07-11,CUST1021,36,Female,Books,6,99.01,594.06,E-Wallet,3
TX10690,2025-09-19,CUST1989,68,Female,Electronics,14,69.26,969.64,Cash,3
TX10406,2025-08-03,CUST1332,41,Unknown,Home & Kitchen,5,41.03,205.15,PayPal,2
TX10384,2025-08-30,CUST1175,53,Male,Books,5,107.18,535.9,PayPal,1
TX10319,2025-08-05,CUST1820,33,Male,Clothing,10,366.87,3668.7,Cash,1
TX10026,2025-09-07,CUST1970,65,Female,Books,9,331.14,2980.26,PayPal,3
TX10811,2025-10-12,CUST1632,42,Female,Home & Kitchen,6,259.98,1559.88,Cash,3
TX10318,2025-09-08,CUST1471,23,Female,Clothing,10,169.65,1696.5,Cash,2
TX10167,2025-03-13,CUST1851,33,Female,Clothing,1,292.56,292.56,Cash,2
TX10547,2025-06-11,CUST1706,69,Female,Electronics,6,311.26,1867.56,E-Wallet,5
TX10171,2025-11-14,CUST1941,69,Female,Electronics,6,245.12,1470.72,Cash,5
TX10377,2026-03-20,CUST1370,35,Male,Clothing,2,263.02,526.04,Credit Card,3
TX10054,2025-01-05,CUST1090,65,Male,Home & Kitchen,9,332.05,2988.45,Credit Card,2
TX10711,2025-03-11,CUST1447,35,Unknown,Electronics,3,323.78,971.34,Cash,1
TX11050,2026-02-22,CUST1864,22,Male,Books,4,279.82,1119.28,PayPal,2
TX10117,2025-10-15,CUST1108,36,Male,Clothing,6,91.62,549.72,Cash,4
TX10705,2025-07-29,CUST1249,47,Male,Books,1,354.21,354.21,Cash,1
TX10129,2025-08-01,CUST1446,35,Female,Home & Kitchen,8,293.03,2344.24,Credit Card,4
TX10639,2025-09-08,CUST1603,49,Female,Clothing,6,109.56,657.36,PayPal,3
TX10624,2025-02-12,CUST1410,19,Male,Books,6,160.95,965.7,E-Wallet,1
TX11024,2026-02-12,CUST1536,52,Male,Books,7,249.66,1747.62,E-Wallet,3
TX10813,2025-05-30,CUST1080,24,Male,Electronics,7,371.19,2598.33,Credit Card,2
TX10643,2025-05-21,CUST1405,26,Male,Home & Kitchen,3,117.24,351.72,E-Wallet,1
TX10031,2025-10-03,CUST1891,64,Male,Books,3,152.02,456.06,Unknown,2
TX10041,2025-03-28,CUST1317,23,Male,Home & Kitchen,6,259.98,1559.88,PayPal,2
TX10926,2025-10-17,CUST1763,49,Male,Unknown,7,134.41,940.87,E-Wallet,3
TX11115,2025-10-09,CUST1347,46,Female,Home & Kitchen,8,389.72,3117.76,Credit Card,2
TX10804,2025-10-21,CUST1226,69,Male,Home & Kitchen,6,365.26,2191.56,PayPal,2
TX10053,2025-05-18,CUST1341,41,Female,Home & Kitchen,4,228.95,915.8,Credit Card,1
TX10086,2025-10-05,CUST1797,68,Male,Clothing,2,431.7,863.4,Debit Card,3
TX10019,2026-01-25,CUST1172,23,Male,Electronics,2,101.53,203.06,Unknown,5
TX10808,2025-10-07,CUST1078,27,Unknown,Clothing,1,44.24,44.24,E-Wallet,3
TX10962,2025-08-06,CUST1522,67,Female,Home & Kitchen,1,130.78,130.78,PayPal,1
TX10258,2026-01-12,CUST1648,52,Female,Electronics,14,239.57,3353.98,Debit Card,5
TX10431,2025-06-02,CUST1116,30,Female,Electronics,2,253.87,507.74,E-Wallet,1
TX10284,2025-08-19,CUST1543,34,Unknown,Home & Kitchen,9,250.26,2252.34,Debit Card,3
TX10862,2025-06-28,CUST1522,18,Female,Electronics,6,245.12,1470.72,Cash,5
TX10345,2025-08-30,CUST1198,67,Female,Home & Kitchen,1,283.57,283.57,Credit Card,3
TX11114,2026-02-02,CUST1927,42,Female,Electronics,10,129.08,1290.8,Debit Card,3
TX11016,2025-04-18,CUST1794,46,Male,Home & Kitchen,6,408.04,2448.24,Debit Card,3
TX10216,2026-03-17,CUST1357,20,Unknown,Electronics,6,58.29,349.74,E-Wallet,5
TX10335,2025-03-26,CUST1359,65,Unknown,Electronics,8,204.59,1636.72,Debit Card,5
TX10728,2026-02-06,CUST1744,51,Unknown,Electronics,4,245.12,980.48,E-Wallet,5
TX10266,2026-02-21,CUST1981,31,Male,Electronics,6,94.9,569.4,PayPal,5
TX10055,2026-02-17,CUST1838,61,Female,Electronics,3,140.0,420.0,Debit Card,1
TX10089,2025-10-19,CUST1660,46,Female,Books,10,307.22,3072.2,Cash,3
TX10472,2025-09-30,CUST1834,64,Unknown,Home & Kitchen,8,443.56,3548.48,Credit Card,4
TX11077,2025-11-02,CUST1151,53,Male,Electronics,3,257.9,773.7,Debit Card,1
TX11069,2025-06-15,CUST1241,34,Male,Unknown,8,181.16,1449.28,Unknown,4
TX10085,2025-05-29,CUST1105,37,Female,Home & Kitchen,1,372.59,372.59,Credit Card,5
TX10585,2026-03-16,CUST1149,21,Female,Home & Kitchen,6,192.37,1154.22,PayPal,3
TX10577,2025-03-11,CUST1262,31,Male,Clothing,2,100.48,200.96,Debit Card,1
TX10403,2025-01-31,CUST1202,46,Male,Unknown,5,203.23,1016.15,PayPal,2
TX10027,2026-03-20,CUST1177,46,Male,Clothing,6,420.55,2523.3,PayPal,3
TX10061,2025-12-26,CUST1616,68,Female,Books,3,498.8,1496.4,Credit Card,3
TX10732,2025-05-08,CUST1156,25,Female,Electronics,3,108.98,326.94,Debit Card,5
TX10478,2025-12-31,CUST1778,33,Female,Electronics,6,158.03,948.18,Credit Card,4
TX10169,2026-03-01,CUST1777,20,Male,Books,10,326.25,3262.5,E-Wallet,3
TX10414,2026-01-25,CUST1671,62,Male,Books,10,254.8,2548.0,Cash,1
TX10344,2025-09-08,CUST1077,56,Male,Clothing,6,63.65,381.9,Cash,2
TX10612,2025-10-23,CUST1181,67,Male,Electronics,6,419.24,2515.44,Cash,1
TX10029,2025-11-18,CUST1974,28,Unknown,Home & Kitchen,6,112.93,677.58,Cash,3
TX11066,2025-07-12,CUST_UNKNOWN,61,Male,Home & Kitchen,6,450.28,2701.68,E-Wallet,2
TX10761,2025-02-08,CUST1643,66,Unknown,Electronics,2,21.19,42.38,Credit Card,2
TX10279,2025-07-26,CUST1505,21,Female,Electronics,2,292.82,585.64,PayPal,5
TX10668,2025-12-22,CUST1475,27,Male,Clothing,6,367.59,2205.54,Credit Card,2
TX10499,2025-08-21,CUST1772,68,Male,Electronics,8,180.64,1445.12,Cash,5
TX10225,2025-06-17,CUST1577,49,Unknown,Electronics,7,158.37,1108.59,PayPal,2
TX10559,2026-03-21,CUST1778,53,Female,Clothing,1,330.34,330.34,Debit Card,5
TX10036,2026-01-10,CUST1593,66,Female,Electronics,6,245.12,1470.72,Cash,3
TX10961,2025-11-22,CUST1459,46,Female,Books,6,254.8,1528.8,Debit Card,4
TX11021,2026-03-12,CUST1697,19,Female,Electronics,10,213.64,2136.4,E-Wallet,4
TX10305,2026-02-12,CUST1946,40,Unknown,Clothing,9,113.1,1017.9,E-Wallet,3
TX10360,2025-04-22,CUST1903,34,Unknown,Clothing,6,55.54,333.24,Credit Card,1
TX11144,2026-02-27,CUST1578,49,Female,Books,6,254.8,1528.8,Credit Card,4
TX10990,2025-09-11,CUST1658,53,Female,Electronics,9,83.96,755.64,Cash,1
TX11047,2025-06-15,CUST1650,62,Male,Clothing,9,111.55,1003.95,E-Wallet,4
TX10699,2025-06-22,CUST1639,54,Male,Home & Kitchen,5,346.53,1732.65,Unknown,2
TX10020,2025-10-17,CUST1330,40,Female,Clothing,8,235.57,1884.56,Credit Card,5
TX11001,2026-02-08,CUST1884,47,Female,Home & Kitchen,5,333.49,1667.45,Cash,2
TX10398,2025-12-16,CUST1994,56,Female,Home & Kitchen,6,259.98,1559.88,Cash,3
TX10730,2025-01-24,CUST1642,53,Unknown,Clothing,7,53.73,376.11,Cash,5
TX10211,2025-11-17,CUST_UNKNOWN,51,Female,Home & Kitchen,1,207.32,207.32,Debit Card,3
TX10063,2025-01-09,CUST1154,36,Female,Electronics,6,98.55,591.3,PayPal,1
TX10425,2026-03-16,CUST1450,46,Female,Books,10,363.62,3636.2,PayPal,4
TX10477,2025-08-14,CUST1069,18,Female,Books,8,364.27,2914.16,Credit Card,2
TX10997,2025-01-01,CUST1480,50,Male,Clothing,14,463.51,6489.14,PayPal,4
TX11011,2025-04-14,CUST1452,29,Male,Clothing,1,466.88,466.88,Debit Card,2
TX10417,2025-11-29,CUST1646,57,Male,Clothing,1,315.26,315.26,PayPal,4
TX10681,2025-03-23,CUST1310,67,Female,Clothing,2,28.14,56.28,Unknown,5
TX10053,2025-02-17,CUST_UNKNOWN,38,Unknown,Unknown,10,221.41,2214.1,Cash,5
TX10219,2025-05-09,CUST1281,60,Female,Books,10,272.71,2727.1,Cash,2
TX10156,2025-07-10,CUST1605,46,Male,Books,6,233.12,1398.72,Cash,4
TX11048,2025-01-27,CUST1057,61,Female,Electronics,9,407.52,3667.68,Debit Card,4
TX10236,2025-11-17,CUST1360,53,Male,Electronics,5,60.78,303.9,Credit Card,3
TX11126,2026-01-07,CUST1519,36,Female,Books,6,148.2,889.2,Cash,5
TX11106,2025-08-08,CUST1075,59,Female,Electronics,6,149.38,896.28,Credit Card,3
TX10981,2025-12-27,CUST1317,24,Male,Books,7,344.69,2412.83,PayPal,5
TX10553,2025-01-01,CUST1472,46,Female,Books,9,78.9,710.1,PayPal,3
TX10027,2025-09-02,CUST1462,26,Male,Electronics,9,14.28,128.52,Cash,5
TX11139,2025-03-09,CUST1038,20,Male,Books,6,491.17,2947.02,Cash,3
TX10896,2025-09-23,CUST_UNKNOWN,49,Male,Books,6,150.49,902.94,PayPal,1
TX11051,2025-01-05,CUST1377,46,Female,Home & Kitchen,3,421.6,1264.8,Credit Card,3
TX11015,2025-12-23,CUST1851,42,Male,Unknown,6,353.31,2119.86,E-Wallet,4
TX10079,2026-02-23,CUST1293,51,Female,Electronics,6,484.16,2904.96,E-Wallet,4
TX10450,2026-03-17,CUST1078,55,Female,Home & Kitchen,10,421.43,4214.3,PayPal,5
TX10281,2025-12-22,CUST1660,41,Female,Home & Kitchen,1,373.63,373.63,PayPal,4
TX10950,2025-09-02,CUST1884,63,Female,Clothing,7,404.63,2832.41,E-Wallet,5
TX10496,2025-04-28,CUST2000,31,Female,Home & Kitchen,2,336.81,673.62,PayPal,5
TX10533,2025-02-15,CUST1875,23,Female,Books,6,72.82,436.92,Credit Card,5
TX10876,2025-02-22,CUST1092,58,Female,Electronics,4,253.31,1013.24,Cash,1
TX10253,2025-08-30,CUST1629,53,Male,Books,6,57.61,345.66,Unknown,3
TX10265,2025-03-12,CUST1608,44,Female,Home & Kitchen,14,259.98,3639.72,Cash,3
TX11087,2026-02-01,CUST1519,68,Female,Books,6,217.69,1306.14,Credit Card,4
TX10818,2025-11-25,CUST1393,70,Male,Home & Kitchen,6,170.05,1020.3,PayPal,4
TX10162,2025-08-30,CUST1473,51,Female,Books,3,160.4,481.2,Cash,5
TX10456,2025-11-09,CUST1594,22,Male,Clothing,4,113.89,455.56,Cash,5
TX10721,2025-08-14,CUST_UNKNOWN,22,Female,Electronics,5,471.34,2356.7,Debit Card,2
TX10436,2026-01-05,CUST1977,46,Female,Home & Kitchen,7,391.48,2740.36,PayPal,3
TX10516,2025-11-18,CUST1810,64,Female,Clothing,5,495.15,2475.75,PayPal,3
TX10627,2025-07-30,CUST1756,42,Female,Home & Kitchen,5,217.01,1085.05,Credit Card,5
TX10453,2026-03-17,CUST1917,51,Female,Books,6,254.8,1528.8,Debit Card,1
TX10324,2025-02-14,CUST_UNKNOWN,54,Female,Unknown,7,252.48,1767.36,Credit Card,3
TX10977,2025-03-13,CUST1460,29,Male,Home & Kitchen,4,303.54,1214.16,Credit Card,1
TX10572,2025-08-30,CUST1930,53,Male,Electronics,8,362.23,2897.84,PayPal,3
TX10986,2025-06-29,CUST1829,24,Male,Home & Kitchen,1,259.98,259.98,Cash,1
TX10665,2025-06-11,CUST1585,46,Female,Clothing,7,20.97,146.79,Credit Card,2
TX10136,2025-05-07,CUST1667,47,Male,Electronics,8,71.98,575.84,Unknown,5
TX10467,2025-11-27,CUST_UNKNOWN,45,Male,Books,4,328.55,1314.2,E-Wallet,2
TX11053,2025-05-08,CUST1329,28,Unknown,Unknown,2,177.77,355.54,Debit Card,4
TX10839,2026-02-03,CUST1619,53,Female,Clothing,8,433.39,3467.12,PayPal,4
TX11042,2026-03-11,CUST1487,39,Female,Electronics,9,345.38,3108.42,PayPal,4
TX10992,2025-04-16,CUST1513,52,Male,Home & Kitchen,5,118.7,593.5,PayPal,3
TX10475,2026-01-18,CUST1154,46,Female,Books,6,149.87,899.22,Debit Card,1
TX10530,2025-06-01,CUST1980,46,Male,Home & Kitchen,5,71.1,355.5,E-Wallet,5
TX10180,2026-02-06,CUST1063,38,Male,Books,10,254.8,2548.0,E-Wallet,1
TX10073,2025-09-11,CUST1461,44,Male,Clothing,2,253.23,506.46,Debit Card,2
TX10095,2025-02-27,CUST1105,45,Female,Electronics,4,245.12,980.48,Debit Card,1
TX10925,2025-09-13,CUST1830,38,Male,Electronics,6,447.59,2685.54,E-Wallet,5
TX10005,2025-09-28,CUST1920,54,Female,Books,4,41.79,167.16,PayPal,1
TX10671,2025-07-04,CUST1857,42,Male,Electronics,6,341.76,2050.56,Credit Card,2
TX10850,2025-03-09,CUST1351,65,Female,Clothing,2,673.3,1346.6,Credit Card,1
TX10249,2026-03-17,CUST1731,46,Female,Home & Kitchen,1,94.52,94.52,PayPal,5
TX10022,2025-07-07,CUST1086,43,Male,Electronics,3,244.99,734.97,PayPal,2
TX10506,2026-01-26,CUST1516,20,Unknown,Home & Kitchen,2,420.02,840.04,Cash,2
TX10393,2025-08-30,CUST1661,46,Female,Electronics,10,222.75,2227.5,E-Wallet,2
TX10199,2025-01-09,CUST1176,26,Male,Home & Kitchen,3,281.92,845.76,PayPal,5
TX10589,2025-01-08,CUST1040,46,Male,Books,1,400.66,400.66,Cash,2
TX10033,2025-04-21,CUST1253,32,Male,Electronics,9,28.98,260.82,E-Wallet,3
TX10424,2025-01-31,CUST1724,38,Male,Home & Kitchen,4,456.62,1826.48,Cash,4
TX10466,2025-09-17,CUST1448,70,Male,Books,6,281.38,1688.28,PayPal,1
TX10940,2025-11-18,CUST1449,46,Male,Books,1,205.33,205.33,E-Wallet,3
TX10625,2025-08-05,CUST1536,50,Male,Clothing,6,54.09,324.54,Cash,4
TX10486,2025-02-12,CUST1535,54,Female,Unknown,5,262.98,1314.9,Credit Card,4
TX11105,2025-05-23,CUST1624,46,Female,Home & Kitchen,6,263.26,1579.56,Credit Card,5
TX10047,2025-06-08,CUST1162,27,Unknown,Books,4,338.4,1353.6,Debit Card,2
TX11073,2025-09-19,CUST1372,41,Female,Home & Kitchen,6,82.58,495.48,Cash,3
TX10150,2026-02-18,CUST1381,33,Female,Home & Kitchen,7,362.7,2538.9,Credit Card,3
TX10203,2025-10-02,CUST1939,69,Female,Clothing,5,673.3,3366.5,Cash,1
TX10230,2025-07-20,CUST1289,54,Male,Home & Kitchen,4,105.79,423.16,Cash,3
TX10317,2025-08-30,CUST1396,31,Female,Electronics,4,231.95,927.8,Cash,5
TX10688,2026-01-09,CUST1418,64,Male,Clothing,8,236.35,1890.8,Cash,4
TX11102,2025-01-30,CUST1793,48,Female,Home & Kitchen,6,49.06,294.36,Cash,4
TX10095,2025-02-14,CUST1346,70,Male,Books,4,436.41,1745.64,Cash,4
TX10343,2025-03-01,CUST1695,62,Female,Electronics,5,270.04,1350.2,Cash,4
TX10963,2025-11-10,CUST1612,24,Female,Clothing,3,157.12,471.36,Debit Card,3
TX10648,2025-06-08,CUST1053,37,Male,Electronics,6,95.74,574.44,Cash,3
TX10745,2025-03-03,CUST1808,69,Female,Clothing,2,22.15,44.3,Credit Card,3
TX10527,2025-12-29,CUST1646,23,Female,Books,9,99.05,891.45,E-Wallet,1
TX10290,2025-12-26,CUST1662,67,Female,Electronics,3,268.78,806.34,Cash,4
TX10086,2025-03-25,CUST1342,70,Male,Electronics,6,218.7,1312.2,Debit Card,5
TX10674,2025-06-27,CUST1067,25,Female,Books,3,134.34,403.02,Credit Card,4
TX10173,2025-03-27,CUST1337,32,Male,Clothing,6,69.04,414.24,Cash,5
TX11033,2025-03-06,CUST_UNKNOWN,56,Male,Home & Kitchen,1,107.49,107.49,PayPal,3
TX10988,2026-01-11,CUST1571,46,Male,Home & Kitchen,10,437.36,4373.6,Debit Card,3
TX10932,2026-01-30,CUST1694,37,Male,Home & Kitchen,7,207.26,1450.82,PayPal,2
TX10975,2025-08-30,CUST1395,38,Male,Home & Kitchen,2,460.53,921.06,PayPal,3
TX10710,2025-05-20,CUST1290,27,Unknown,Electronics,1,134.57,134.57,E-Wallet,4
TX10974,2025-05-15,CUST1258,62,Female,Books,6,202.88,1217.28,Credit Card,4
TX10476,2025-09-12,CUST_UNKNOWN,21,Female,Books,8,48.68,389.44,PayPal,2
TX10329,2025-09-19,CUST1872,43,Female,Home & Kitchen,6,267.06,1602.36,Cash,4
TX10670,2025-01-29,CUST1672,46,Male,Electronics,5,352.74,1763.7,Cash,5
TX10621,2026-03-16,CUST1987,50,Male,Books,7,25.72,180.04,Unknown,2
TX10999,2025-07-08,CUST1928,45,Unknown,Books,4,712.18,2848.72,Cash,4
TX10019,2025-05-11,CUST1617,43,Female,Clothing,6,162.19,973.14,Credit Card,3
TX11057,2025-10-21,CUST1894,39,Female,Clothing,8,298.76,2390.08,E-Wallet,5
TX10293,2025-04-27,CUST1153,54,Female,Clothing,3,399.6,1198.8,Unknown,3
TX10311,2025-01-23,CUST1341,53,Female,Books,6,298.37,1790.22,PayPal,4
TX10000,2025-05-06,CUST1083,23,Male,Clothing,5,70.92,354.6,Unknown,5
TX10561,2025-08-30,CUST1596,45,Female,Home & Kitchen,3,19.63,58.89,PayPal,3
TX10415,2025-07-16,CUST1679,26,Male,Electronics,6,296.93,1781.58,PayPal,4
TX10308,2025-04-02,CUST1144,48,Male,Books,14,471.32,6598.48,Cash,3
TX10582,2025-10-11,CUST1938,49,Unknown,Clothing,1,360.3,360.3,Credit Card,1
TX10630,2025-04-25,CUST1358,54,Female,Clothing,5,430.38,2151.9,Cash,3
TX10178,2025-05-08,CUST1317,57,Male,Books,8,142.08,1136.64,PayPal,1
TX10693,2026-01-04,CUST1990,46,Male,Unknown,9,132.15,1189.35,Unknown,1
TX10388,2025-05-19,CUST1671,22,Male,Home & Kitchen,7,745.3,5217.1,PayPal,5
TX10749,2025-10-20,CUST1715,45,Female,Books,6,30.73,184.38,PayPal,4
TX10430,2025-03-03,CUST1678,54,Unknown,Clothing,7,255.9,1791.3,Credit Card,1
TX10196,2025-04-02,CUST1401,60,Male,Books,7,155.84,1090.88,Cash,2
TX10848,2026-02-16,CUST1132,41,Female,Unknown,8,412.64,3301.12,E-Wallet,5
TX10908,2025-07-25,CUST1609,38,Male,Electronics,7,203.55,1424.85,E-Wallet,5
TX10302,2025-08-30,CUST1725,59,Female,Books,6,494.95,2969.7,PayPal,4
TX11013,2026-03-20,CUST1960,37,Female,Home & Kitchen,7,327.53,2292.71,Debit Card,4
TX10412,2026-02-01,CUST1086,40,Female,Clothing,9,299.26,2693.34,Credit Card,3
TX10004,2025-06-17,CUST1317,69,Male,Electronics,4,408.7,1634.8,Cash,3
TX10418,2025-10-11,CUST1572,27,Female,Home & Kitchen,10,282.71,2827.1,Credit Card,1
TX10838,2025-01-05,CUST_UNKNOWN,70,Male,Electronics,10,211.33,2113.3,Credit Card,1
TX10316,2025-04-13,CUST_UNKNOWN,61,Male,Electronics,8,58.79,470.32,Cash,3
TX10519,2025-10-16,CUST1810,66,Male,Home & Kitchen,7,150.46,1053.22,Cash,3
TX10944,2026-01-14,CUST1336,46,Female,Books,5,245.15,1225.75,E-Wallet,1
TX10737,2025-08-26,CUST1832,21,Unknown,Books,3,124.32,372.96,Credit Card,1
TX10127,2025-10-30,CUST1130,57,Male,Books,9,167.94,1511.46,E-Wallet,3
TX10906,2026-01-31,CUST1686,46,Male,Clothing,5,371.11,1855.55,PayPal,3
TX10772,2026-01-11,CUST1719,62,Unknown,Electronics,6,245.12,1470.72,Credit Card,3
TX11095,2025-03-19,CUST1848,37,Female,Electronics,6,295.6,1773.6,Credit Card,3
TX11101,2025-07-29,CUST1969,19,Male,Home & Kitchen,4,497.88,1991.52,Cash,1
TX10680,2025-04-30,CUST1756,65,Male,Books,6,17.18,103.08,Unknown,4
TX10794,2025-11-22,CUST1701,31,Female,Books,7,456.42,3194.94,PayPal,2
TX10441,2025-06-21,CUST1934,66,Female,Home & Kitchen,6,221.09,1326.54,Credit Card,4
TX10372,2026-01-24,CUST1539,48,Female,Electronics,8,716.47,5731.76,Credit Card,3
TX11054,2026-03-11,CUST1095,27,Female,Books,4,254.8,1019.2,Debit Card,1
TX10686,2025-02-23,CUST1661,60,Male,Books,3,411.71,1235.13,PayPal,2
TX10822,2025-09-29,CUST_UNKNOWN,55,Female,Books,10,94.05,940.5,Credit Card,5
TX10736,2025-08-03,CUST1433,51,Male,Clothing,7,36.91,258.37,PayPal,2
TX10889,2025-01-31,CUST1520,28,Female,Electronics,4,336.03,1344.12,PayPal,2
TX10551,2025-12-31,CUST1370,30,Male,Clothing,6,403.59,2421.54,E-Wallet,3
TX10532,2025-02-17,CUST1018,57,Unknown,Home & Kitchen,3,56.59,169.77,E-Wallet,4
TX11119,2025-04-29,CUST1371,47,Unknown,Home & Kitchen,8,468.89,3751.12,Cash,4
TX10771,2025-12-25,CUST1316,18,Female,Home & Kitchen,10,259.98,2599.8,Cash,3
TX11091,2025-08-23,CUST1184,60,Male,Home & Kitchen,1,345.33,345.33,Credit Card,1
TX10875,2025-10-25,CUST1973,46,Female,Books,2,290.07,580.14,Credit Card,4
TX10260,2025-09-16,CUST1219,24,Unknown,Clothing,1,443.63,443.63,Cash,2
TX11004,2025-11-23,CUST1349,59,Female,Home & Kitchen,6,229.8,1378.8,Debit Card,3
TX10590,2025-02-08,CUST1970,42,Unknown,Electronics,6,64.86,389.16,Debit Card,3
TX10394,2025-08-11,CUST1784,63,Male,Home & Kitchen,6,745.3,4471.8,Cash,3
TX10783,2025-05-02,CUST1497,38,Female,Clothing,6,263.02,1578.12,Cash,4
TX10523,2025-05-14,CUST1196,56,Female,Clothing,3,482.65,1447.95,PayPal,3
TX10620,2026-02-15,CUST1231,46,Female,Unknown,6,259.03,1554.18,Cash,3
TX10446,2025-12-25,CUST1140,47,Female,Clothing,6,427.19,2563.14,PayPal,3
TX10951,2025-06-12,CUST1158,63,Male,Unknown,6,756.22,4537.32,Cash,4
TX10746,2025-05-20,CUST1079,33,Female,Electronics,8,159.02,1272.16,Unknown,3
TX10353,2025-02-08,CUST1302,46,Male,Home & Kitchen,3,381.34,1144.02,Cash,3
TX10444,2025-08-30,CUST1864,43,Male,Books,2,441.29,882.58,PayPal,2
TX10610,2025-03-21,CUST1807,19,Unknown,Clothing,3,261.44,784.32,Cash,1
TX10111,2025-08-30,CUST1103,40,Unknown,Home & Kitchen,6,289.83,1738.98,PayPal,3
TX10809,2025-08-27,CUST1519,37,Female,Electronics,7,258.36,1808.52,PayPal,2
TX10930,2025-07-28,CUST1789,50,Unknown,Books,10,15.65,156.5,E-Wallet,1
TX10594,2025-10-02,CUST1552,21,Male,Electronics,9,407.82,3670.38,Credit Card,2
TX10182,2026-01-30,CUST1855,42,Male,Home & Kitchen,8,32.94,263.52,Debit Card,3
TX10955,2025-08-20,CUST1756,70,Male,Electronics,5,245.12,1225.6,PayPal,2
TX10901,2025-08-26,CUST1904,46,Female,Electronics,4,422.87,1691.48,Credit Card,3
TX10028,2026-03-13,CUST1539,46,Male,Clothing,6,196.32,1177.92,Credit Card,3
TX10339,2025-02-16,CUST1038,43,Female,Home & Kitchen,6,301.88,1811.28,Debit Card,3
TX10549,2026-02-18,CUST1677,23,Male,Home & Kitchen,1,327.5,327.5,Debit Card,3
TX10695,2026-02-28,CUST1344,51,Female,Electronics,7,87.34,611.38,Cash,3
TX10409,2025-08-30,CUST1897,46,Male,Home & Kitchen,8,340.43,2723.44,PayPal,1
TX10521,2025-03-17,CUST1784,61,Male,Electronics,1,397.82,397.82,Credit Card,5
TX10656,2025-12-31,CUST1632,33,Female,Home & Kitchen,6,217.5,1305.0,Debit Card,4
TX10359,2025-07-02,CUST1134,45,Unknown,Electronics,6,83.71,502.26,E-Wallet,1
TX10795,2025-09-20,CUST1611,46,Male,Electronics,3,202.13,606.39,PayPal,1
TX10791,2025-12-13,CUST1385,46,Female,Books,1,254.8,254.8,Credit Card,2
TX10071,2025-05-14,CUST1157,46,Female,Clothing,6,335.65,2013.9,Credit Card,4
TX10080,2025-01-16,CUST1166,46,Female,Home & Kitchen,6,31.14,186.84,Debit Card,2
TX10336,2026-03-14,CUST1185,69,Female,Books,14,359.56,5033.84,Credit Card,3
TX10408,2025-10-12,CUST1851,26,Unknown,Books,3,397.33,1191.99,Unknown,1
TX10197,2025-02-18,CUST1709,63,Female,Clothing,7,263.02,1841.14,Cash,4
TX10675,2025-02-22,CUST1789,46,Female,Electronics,6,31.57,189.42,PayPal,3
TX10024,2025-03-04,CUST1639,67,Male,Clothing,4,324.74,1298.96,E-Wallet,3
TX11138,2025-02-01,CUST1828,54,Female,Unknown,6,149.22,895.32,PayPal,5
TX10233,2025-03-08,CUST1924,38,Female,Clothing,2,348.56,697.12,E-Wallet,2
TX10312,2026-02-26,CUST1169,52,Female,Electronics,8,173.32,1386.56,PayPal,3
TX10358,2025-07-10,CUST1738,46,Male,Home & Kitchen,10,62.43,624.3,E-Wallet,4
TX11146,2025-10-26,CUST1448,27,Female,Clothing,3,294.71,884.13,Cash,1
TX10204,2026-02-21,CUST1044,66,Male,Books,5,332.73,1663.65,Credit Card,3
TX10227,2025-01-12,CUST1420,44,Unknown,Clothing,5,99.05,495.25,Credit Card,2
TX10481,2025-04-12,CUST1373,46,Female,Clothing,14,443.54,6209.56,PayPal,5
TX11116,2026-02-19,CUST1692,70,Female,Books,3,353.99,1061.97,Credit Card,3
TX10391,2025-02-17,CUST1736,65,Male,Books,4,308.81,1235.24,Credit Card,3
TX11055,2025-03-04,CUST1243,67,Female,Books,5,131.84,659.2,Credit Card,1
TX10718,2025-08-25,CUST1992,26,Male,Clothing,7,309.78,2168.46,PayPal,2
TX10806,2025-03-28,CUST1454,66,Male,Home & Kitchen,5,232.0,1160.0,Cash,3
TX10163,2026-02-25,CUST1625,46,Male,Books,8,41.73,333.84,PayPal,2
TX10273,2025-09-12,CUST_UNKNOWN,54,Male,Books,6,284.81,1708.86,E-Wallet,3
TX10254,2025-07-15,CUST1770,56,Male,Books,3,79.75,239.25,Credit Card,2
TX10752,2025-03-30,CUST1766,61,Male,Electronics,10,716.47,7164.7,Credit Card,2
TX10953,2025-04-20,CUST1802,23,Male,Books,10,414.5,4145.0,Cash,3
TX10421,2025-05-21,CUST1459,48,Male,Books,7,275.88,1931.16,PayPal,3
TX10801,2025-08-17,CUST1239,56,Female,Books,8,256.24,2049.92,Credit Card,4
TX11032,2025-01-18,CUST1546,59,Male,Clothing,1,396.78,396.78,Credit Card,2
TX10754,2025-11-28,CUST1244,42,Female,Unknown,5,271.96,1359.8,Cash,1
TX10183,2025-09-13,CUST1316,26,Female,Clothing,6,255.89,1535.34,Credit Card,3
TX10025,2025-10-09,CUST1988,32,Female,Books,6,441.36,2648.16,Cash,1
TX10422,2025-08-30,CUST1828,66,Female,Home & Kitchen,7,136.68,956.76,Credit Card,3
TX10181,2025-05-24,CUST1803,46,Female,Home & Kitchen,6,259.98,1559.88,Debit Card,1
TX10819,2025-03-12,CUST1480,46,Male,Books,6,228.14,1368.84,Credit Card,2
TX10166,2025-04-13,CUST1925,30,Male,Home & Kitchen,9,218.21,1963.89,E-Wallet,2
TX10242,2025-11-19,CUST1855,22,Female,Home & Kitchen,5,41.07,205.35,Unknown,5
TX11005,2025-07-15,CUST1198,46,Male,Clothing,8,115.08,920.64,Credit Card,1
TX10767,2025-09-03,CUST1376,49,Unknown,Electronics,6,297.38,1784.28,Credit Card,2
TX10635,2025-06-26,CUST1694,47,Female,Books,6,365.14,2190.84,Debit Card,5
TX10416,2025-07-18,CUST1969,45,Female,Clothing,2,380.19,760.38,Debit Card,1
TX10573,2025-04-03,CUST1584,20,Female,Electronics,3,409.28,1227.84,Debit Card,1
TX10798,2025-06-13,CUST1451,70,Male,Home & Kitchen,2,745.3,1490.6,PayPal,4
TX10362,2025-01-16,CUST1472,38,Female,Electronics,3,62.9,188.7,Cash,5
TX10105,2025-01-30,CUST1787,65,Unknown,Electronics,3,362.66,1087.98,E-Wallet,4
TX10682,2025-09-29,CUST_UNKNOWN,52,Male,Electronics,4,177.45,709.8,PayPal,4
TX10255,2026-01-28,CUST1796,63,Male,Home & Kitchen,2,745.3,1490.6,Credit Card,3
TX10698,2025-03-23,CUST1391,51,Male,Electronics,1,282.58,282.58,Cash,4
TX10893,2025-05-07,CUST_UNKNOWN,47,Male,Clothing,6,172.9,1037.4,Cash,2
TX10366,2025-08-30,CUST1540,20,Male,Clothing,10,20.75,207.5,PayPal,4
TX10970,2026-01-27,CUST1428,46,Male,Books,10,454.15,4541.5,PayPal,5
TX10815,2025-10-22,CUST1989,43,Female,Clothing,8,158.02,1264.16,E-Wallet,1
TX10373,2025-07-01,CUST1165,46,Female,Clothing,6,71.04,426.24,Unknown,4
TX10315,2025-04-01,CUST1836,51,Male,Home & Kitchen,6,165.76,994.56,PayPal,5
TX10042,2025-10-31,CUST1204,21,Female,Clothing,1,104.69,104.69,Debit Card,1
TX10063,2026-02-17,CUST1820,46,Male,Electronics,4,23.84,95.36,PayPal,2
TX10440,2025-10-30,CUST1619,37,Female,Electronics,6,207.01,1242.06,Cash,1
TX10151,2025-12-27,CUST1141,36,Male,Books,6,380.25,2281.5,Credit Card,4
TX10565,2025-10-18,CUST1893,45,Female,Home & Kitchen,2,456.66,913.32,Cash,4
TX10596,2025-08-30,CUST1256,21,Male,Clothing,4,263.02,1052.08,Credit Card,4
TX10923,2026-03-05,CUST1053,27,Male,Clothing,2,136.76,273.52,Credit Card,1
TX10854,2025-10-05,CUST1656,59,Unknown,Unknown,9,378.97,3410.73,PayPal,5
TX10036,2025-03-31,CUST1492,64,Female,Books,4,277.89,1111.56,PayPal,4
TX10558,2025-01-20,CUST1895,29,Female,Clothing,8,263.02,2104.16,PayPal,4
TX10152,2025-01-29,CUST1380,62,Female,Home & Kitchen,3,236.25,708.75,PayPal,3
TX10707,2025-11-05,CUST1567,43,Male,Electronics,10,57.48,574.8,Credit Card,5
TX10077,2025-01-11,CUST1956,46,Male,Books,1,142.73,142.73,PayPal,1
TX10037,2025-01-01,CUST1105,47,Female,Unknown,9,497.69,4479.21,Credit Card,2
TX10069,2025-11-11,CUST1728,63,Female,Clothing,3,421.47,1264.41,Credit Card,3
TX10574,2026-02-17,CUST1866,47,Female,Books,6,460.37,2762.22,PayPal,1
TX11028,2025-06-24,CUST1528,38,Male,Home & Kitchen,9,474.12,4267.08,Cash,2
TX10722,2026-02-15,CUST1871,63,Female,Books,4,312.07,1248.28,PayPal,4
TX10564,2025-01-31,CUST1127,63,Female,Electronics,2,245.12,490.24,E-Wallet,5
TX10452,2025-03-17,CUST1291,23,Unknown,Books,6,487.88,2927.28,Cash,4
TX10759,2026-02-01,CUST1085,46,Male,Home & Kitchen,6,313.09,1878.54,Credit Card,1
TX10165,2026-03-10,CUST1781,46,Female,Books,10,465.85,4658.5,E-Wallet,3
TX10268,2025-02-07,CUST1164,42,Male,Books,7,163.05,1141.35,E-Wallet,1
TX10652,2025-12-27,CUST1279,50,Female,Books,5,54.24,271.2,Credit Card,3
TX10133,2025-10-28,CUST1460,28,Male,Books,5,138.0,690.0,Debit Card,4
TX10789,2025-06-22,CUST1927,42,Female,Clothing,4,333.35,1333.4,PayPal,1
TX10341,2025-06-15,CUST1525,28,Unknown,Books,5,310.71,1553.55,PayPal,1
TX10003,2025-03-22,CUST1150,54,Male,Home & Kitchen,3,342.97,1028.91,PayPal,5
TX10045,2026-02-10,CUST1850,27,Unknown,Electronics,2,346.85,693.7,E-Wallet,2
TX10002,2025-11-29,CUST1447,27,Unknown,Electronics,1,187.04,187.04,PayPal,4
TX10849,2025-03-31,CUST1093,63,Unknown,Clothing,7,196.93,1378.51,Unknown,3
TX11014,2025-04-25,CUST1969,37,Unknown,Books,8,182.12,1456.96,PayPal,5
TX10888,2025-07-13,CUST1932,67,Female,Home & Kitchen,2,48.52,97.04,Cash,2
TX10094,2026-01-11,CUST1227,46,Female,Electronics,6,40.31,241.86,Cash,4
TX10052,2025-03-07,CUST1836,25,Female,Clothing,10,273.53,2735.3,Credit Card,1
TX11098,2026-01-09,CUST1461,30,Male,Books,2,254.8,509.6,PayPal,2
TX11121,2025-12-26,CUST1905,66,Unknown,Electronics,6,164.05,984.3,Cash,2
TX10500,2026-03-12,CUST1357,47,Female,Books,8,254.8,2038.4,E-Wallet,1
TX10517,2025-04-04,CUST1952,49,Male,Clothing,5,262.19,1310.95,PayPal,3
TX10927,2025-08-30,CUST_UNKNOWN,18,Male,Books,6,192.47,1154.82,Cash,2
TX10987,2025-11-24,CUST1424,49,Male,Home & Kitchen,4,247.9,991.6,E-Wallet,1
TX10649,2025-09-12,CUST1054,55,Male,Clothing,3,301.12,903.36,Debit Card,3
TX10703,2025-06-19,CUST1405,47,Female,Unknown,6,322.38,1934.28,Debit Card,1
TX10208,2025-05-02,CUST1514,23,Female,Books,8,269.87,2158.96,PayPal,5
TX10351,2025-06-13,CUST1382,18,Male,Home & Kitchen,7,97.67,683.69,Cash,2
TX10734,2025-11-22,CUST1241,53,Male,Books,8,194.4,1555.2,PayPal,2
TX10215,2026-02-25,CUST1395,58,Male,Home & Kitchen,3,433.94,1301.82,Debit Card,5
TX10619,2025-08-17,CUST1083,70,Unknown,Clothing,7,372.87,2610.09,Credit Card,1
TX10288,2025-05-16,CUST1383,29,Male,Books,1,223.1,223.1,Cash,4
TX10278,2025-05-08,CUST1229,59,Male,Electronics,6,34.5,207.0,PayPal,4
TX10159,2025-08-30,CUST1028,27,Male,Books,3,138.44,415.32,PayPal,1
TX10566,2026-02-07,CUST1326,60,Unknown,Books,6,397.35,2384.1,PayPal,5
TX10760,2026-01-04,CUST1953,56,Female,Electronics,3,217.56,652.68,Cash,1
TX10109,2025-01-25,CUST1101,23,Unknown,Electronics,3,380.57,1141.71,Cash,4
TX11111,2025-08-13,CUST1859,44,Female,Books,1,447.31,447.31,PayPal,3
TX11068,2025-08-30,CUST1731,46,Male,Electronics,3,393.43,1180.29,Cash,4
TX10137,2025-09-10,CUST1665,57,Female,Unknown,4,166.28,665.12,Credit Card,5
TX10899,2025-06-29,CUST1343,62,Female,Clothing,7,392.82,2749.74,PayPal,4
TX10106,2025-02-21,CUST1810,68,Unknown,Books,9,24.16,217.44,Cash,2
TX10679,2026-02-08,CUST1149,47,Female,Books,4,429.95,1719.8,PayPal,1
TX10306,2025-03-25,CUST1140,41,Female,Home & Kitchen,8,401.48,3211.84,Credit Card,1
TX10567,2025-02-07,CUST1039,46,Male,Home & Kitchen,3,393.81,1181.43,Cash,1
TX10836,2025-08-30,CUST1293,38,Male,Home & Kitchen,1,100.32,100.32,Credit Card,4
TX10683,2025-06-13,CUST1939,42,Female,Home & Kitchen,2,353.29,706.58,E-Wallet,3
TX10008,2025-02-23,CUST_UNKNOWN,66,Female,Clothing,6,204.28,1225.68,Credit Card,2
TX10541,2025-06-25,CUST1483,53,Male,Clothing,10,308.04,3080.4,E-Wallet,3
TX10669,2025-07-12,CUST1712,48,Female,Home & Kitchen,4,36.31,145.24,Unknown,3
TX10826,2026-01-10,CUST1851,62,Male,Home & Kitchen,8,340.88,2727.04,Unknown,5
TX10626,2025-08-30,CUST1142,39,Female,Clothing,7,101.5,710.5,Debit Card,3
TX10309,2025-06-23,CUST1777,51,Unknown,Clothing,5,154.12,770.6,Credit Card,2
TX10720,2025-08-30,CUST1722,31,Female,Books,6,254.8,1528.8,Credit Card,5
TX10556,2025-08-09,CUST1480,46,Female,Unknown,10,441.86,4418.6,PayPal,1
TX10853,2025-11-07,CUST1459,58,Female,Clothing,2,242.23,484.46,Credit Card,5
TX10448,2025-03-22,CUST1630,23,Female,Electronics,9,384.27,3458.43,PayPal,5
TX11029,2025-02-21,CUST_UNKNOWN,62,Female,Clothing,6,201.17,1207.02,E-Wallet,3
TX10291,2025-04-16,CUST1927,68,Unknown,Electronics,6,96.67,580.02,Credit Card,3
TX10378,2025-07-29,CUST1081,46,Female,Home & Kitchen,8,58.96,471.68,PayPal,4
TX10250,2025-12-05,CUST1019,38,Female,Books,8,486.48,3891.84,PayPal,4
TX10900,2025-06-02,CUST_UNKNOWN,54,Male,Electronics,4,478.71,1914.84,E-Wallet,4
TX10978,2025-02-19,CUST1220,46,Female,Clothing,6,263.36,1580.16,Debit Card,5
TX10902,2025-07-21,CUST1855,46,Female,Electronics,6,39.38,236.28,Debit Card,4
TX10357,2025-03-20,CUST1153,51,Female,Home & Kitchen,8,489.92,3919.36,PayPal,2
TX10084,2025-07-04,CUST1561,49,Female,Books,9,242.55,2182.95,PayPal,1
TX10949,2025-08-07,CUST1962,29,Female,Home & Kitchen,6,204.08,1224.48,Credit Card,5
TX10518,2025-05-31,CUST1744,32,Male,Books,3,495.9,1487.7,Cash,2
TX10218,2025-04-13,CUST1623,30,Male,Clothing,6,438.56,2631.36,Cash,2
TX10550,2025-01-14,CUST1540,19,Female,Clothing,6,301.81,1810.86,Credit Card,4
TX10075,2025-03-29,CUST1433,68,Male,Clothing,10,263.02,2630.2,Cash,4
TX10102,2025-02-11,CUST1113,31,Female,Home & Kitchen,4,16.67,66.68,Debit Card,4
TX10576,2026-03-09,CUST1794,44,Male,Clothing,8,228.6,1828.8,PayPal,3
TX10636,2025-06-07,CUST1295,39,Female,Books,6,712.18,4273.08,E-Wallet,1
TX10097,2025-08-30,CUST1243,69,Unknown,Home & Kitchen,2,90.41,180.82,Cash,4
TX10009,2025-12-05,CUST1308,18,Female,Books,3,47.31,141.93,Cash,1
TX10074,2025-08-30,CUST1124,62,Male,Electronics,2,460.57,921.14,Credit Card,5
TX10769,2025-04-05,CUST1048,68,Unknown,Clothing,8,269.09,2152.72,Unknown,3
TX11056,2025-07-15,CUST1244,37,Male,Clothing,5,382.26,1911.3,Cash,1
TX11078,2025-04-06,CUST1429,38,Male,Books,7,121.71,851.97,PayPal,2
TX10307,2025-01-23,CUST1654,25,Female,Home & Kitchen,5,298.48,1492.4,Credit Card,3
TX10660,2025-08-14,CUST1812,39,Female,Electronics,6,378.75,2272.5,Debit Card,1
TX10687,2025-05-15,CUST1637,54,Female,Books,1,281.51,281.51,PayPal,4
TX10134,2026-03-05,CUST1468,19,Male,Books,4,712.18,2848.72,Credit Card,2
TX10405,2025-10-16,CUST1064,30,Female,Electronics,6,139.72,838.32,PayPal,2
TX11020,2025-03-19,CUST1113,39,Unknown,Books,10,161.78,1617.8,Cash,1
TX10244,2025-02-13,CUST1856,46,Female,Books,3,283.17,849.51,Cash,1
TX11030,2026-02-18,CUST1926,69,Female,Home & Kitchen,6,256.7,1540.2,Credit Card,4
TX10733,2026-01-23,CUST1511,26,Female,Home & Kitchen,6,187.39,1124.34,E-Wallet,1
TX10685,2025-10-11,CUST1611,58,Female,Clothing,9,475.51,4279.59,Cash,2
TX10209,2026-03-07,CUST_UNKNOWN,52,Female,Home & Kitchen,4,259.98,1039.92,PayPal,1
TX10267,2026-02-24,CUST1016,47,Female,Books,6,159.7,958.2,Cash,3
TX11135,2025-10-02,CUST1647,44,Female,Books,5,329.58,1647.9,PayPal,1
TX10535,2025-10-21,CUST_UNKNOWN,46,Male,Home & Kitchen,4,81.36,325.44,Unknown,5
TX10578,2025-09-01,CUST1588,37,Male,Books,9,441.23,3971.07,PayPal,2
TX10597,2025-02-10,CUST1247,61,Male,Clothing,7,472.79,3309.53,Cash,4
TX10673,2026-03-14,CUST1735,52,Male,Unknown,1,359.33,359.33,PayPal,1
TX10027,2025-08-30,CUST1147,54,Female,Books,4,387.18,1548.72,Cash,4
TX10083,2025-03-03,CUST1298,69,Male,Home & Kitchen,1,370.87,370.87,PayPal,3
TX10634,2025-03-30,CUST1439,68,Unknown,Clothing,6,673.3,4039.8,Cash,3
TX10040,2025-04-19,CUST1001,27,Unknown,Clothing,8,409.64,3277.12,Credit Card,4
TX10608,2025-03-06,CUST1629,19,Female,Clothing,3,224.81,674.43,PayPal,3
TX10592,2025-08-05,CUST1361,42,Unknown,Electronics,7,384.44,2691.08,Debit Card,5
TX10252,2025-12-16,CUST1246,46,Male,Home & Kitchen,10,153.8,1538.0,Credit Card,3
TX10583,2025-04-14,CUST1584,42,Unknown,Electronics,6,373.71,2242.26,Cash,3
TX10911,2026-03-04,CUST1426,25,Female,Home & Kitchen,5,259.98,1299.9,Cash,4
TX10964,2025-06-13,CUST1191,66,Unknown,Home & Kitchen,4,281.99,1127.96,Cash,2
TX10122,2025-02-14,CUST1680,38,Male,Electronics,8,93.16,745.28,Debit Card,3
TX10413,2025-10-12,CUST1684,35,Male,Electronics,10,242.62,2426.2,E-Wallet,1
TX10240,2025-10-10,CUST1087,49,Unknown,Books,1,330.98,330.98,Cash,5
TX11060,2026-03-15,CUST1536,41,Male,Home & Kitchen,6,424.93,2549.58,PayPal,3
TX10691,2025-09-24,CUST1998,37,Male,Electronics,6,199.64,1197.84,PayPal,5
TX10069,2026-03-24,CUST1369,37,Male,Electronics,7,245.12,1715.84,Credit Card,2
TX10609,2026-02-07,CUST1069,41,Female,Books,7,321.32,2249.24,Cash,1
TX10070,2025-02-27,CUST1976,67,Female,Books,7,308.35,2158.45,Unknown,3
TX10190,2025-03-18,CUST1538,23,Female,Books,10,122.48,1224.8,Cash,1
TX10871,2025-10-18,CUST_UNKNOWN,19,Female,Electronics,1,256.49,256.49,PayPal,3
TX10082,2025-02-24,CUST1519,50,Male,Unknown,6,315.82,1894.92,PayPal,2
TX10520,2026-02-07,CUST1805,39,Female,Unknown,10,425.41,4254.1,PayPal,1
TX10983,2026-03-21,CUST1519,46,Unknown,Clothing,9,15.79,142.11,Cash,2
TX10993,2026-03-26,CUST1567,38,Female,Clothing,3,432.98,1298.94,Debit Card,2
TX11109,2025-05-16,CUST1020,24,Male,Clothing,2,372.75,745.5,PayPal,1
TX10543,2025-08-30,CUST1399,51,Unknown,Electronics,2,360.43,720.86,PayPal,1
TX10873,2025-10-20,CUST1894,26,Male,Electronics,4,242.34,969.36,PayPal,1
TX10941,2025-08-30,CUST1481,20,Male,Home & Kitchen,6,453.45,2720.7,Credit Card,5
TX11145,2025-08-30,CUST1044,63,Male,Clothing,6,263.02,1578.12,Cash,4
TX10488,2025-03-15,CUST1650,25,Female,Electronics,6,134.51,807.06,Credit Card,4
TX10598,2025-01-20,CUST1396,20,Female,Home & Kitchen,8,478.2,3825.6,E-Wallet,4
TX10051,2026-03-27,CUST1382,56,Unknown,Clothing,1,219.47,219.47,PayPal,5
TX10058,2025-12-20,CUST1259,39,Male,Home & Kitchen,7,113.03,791.21,Credit Card,5
TX10321,2025-01-26,CUST1765,20,Male,Books,9,187.2,1684.8,E-Wallet,3
TX11123,2025-05-18,CUST1016,67,Male,Electronics,4,305.36,1221.44,E-Wallet,4
TX10062,2025-01-11,CUST1365,37,Unknown,Clothing,2,355.24,710.48,Cash,1
TX10555,2026-02-23,CUST1807,66,Male,Electronics,5,17.63,88.15,Debit Card,2
TX10753,2025-06-09,CUST1069,31,Male,Electronics,1,380.27,380.27,Credit Card,1
TX10593,2025-08-30,CUST1353,46,Unknown,Clothing,9,338.06,3042.54,Cash,5
TX10059,2026-03-16,CUST1246,52,Male,Books,4,301.92,1207.68,E-Wallet,3
TX10991,2026-03-21,CUST1750,46,Female,Electronics,1,233.68,233.68,Cash,3
TX10222,2025-03-10,CUST1672,35,Female,Home & Kitchen,4,333.92,1335.68,PayPal,1
TX10303,2026-01-16,CUST1643,35,Male,Books,6,370.32,2221.92,Cash,5
TX10194,2026-02-01,CUST1106,57,Male,Electronics,6,288.27,1729.62,Credit Card,1
TX10158,2025-05-18,CUST1790,24,Male,Books,7,297.3,2081.1,E-Wallet,4
TX10498,2025-08-30,CUST1595,40,Male,Electronics,5,85.95,429.75,Credit Card,3
TX10735,2025-04-07,CUST1752,35,Female,Electronics,7,348.39,2438.73,Credit Card,2
TX10677,2025-04-19,CUST1774,63,Male,Electronics,1,496.67,496.67,Credit Card,4
TX10569,2026-01-15,CUST1340,54,Female,Electronics,1,293.6,293.6,Cash,1
TX11018,2026-01-24,CUST1136,22,Male,Home & Kitchen,10,244.88,2448.8,Cash,4
TX10748,2026-02-25,CUST_UNKNOWN,39,Unknown,Clothing,6,230.21,1381.26,Credit Card,3
TX10980,2025-09-21,CUST1360,21,Female,Clothing,10,194.65,1946.5,Credit Card,4
TX10713,2025-02-03,CUST1559,48,Male,Clothing,9,53.88,484.92,Credit Card,4
TX11097,2025-12-30,CUST1346,21,Male,Books,3,303.13,909.39,Credit Card,5
TX10080,2025-08-30,CUST1833,21,Male,Clothing,3,196.86,590.58,Unknown,4
TX10465,2025-03-30,CUST1658,43,Male,Home & Kitchen,10,141.22,1412.2,Cash,3
TX10803,2026-03-25,CUST1179,46,Male,Clothing,9,417.5,3757.5,Debit Card,1
TX10802,2025-08-30,CUST1850,46,Female,Clothing,7,300.27,2101.89,E-Wallet,2
TX10948,2025-05-08,CUST1797,62,Female,Home & Kitchen,4,125.38,501.52,Cash,5
TX10271,2025-08-30,CUST1701,40,Female,Books,5,60.57,302.85,Credit Card,5
TX10399,2025-07-04,CUST1475,70,Male,Books,6,712.18,4273.08,Cash,5
TX11008,2025-05-21,CUST1712,66,Unknown,Home & Kitchen,7,254.98,1784.86,PayPal,3
TX10004,2026-02-26,CUST1490,52,Unknown,Books,5,410.29,2051.45,Credit Card,1
TX10776,2025-09-16,CUST1646,66,Male,Clothing,8,263.02,2104.16,PayPal,1
TX10337,2025-11-22,CUST1186,54,Female,Unknown,9,756.22,6805.98,PayPal,4
TX11079,2025-12-15,CUST1830,70,Male,Books,4,34.19,136.76,Unknown,3
TX10080,2025-05-04,CUST1138,62,Male,Clothing,1,462.82,462.82,Unknown,2
TX10437,2025-09-08,CUST1064,47,Female,Books,2,69.35,138.7,Credit Card,2
TX10985,2025-04-01,CUST_UNKNOWN,59,Female,Home & Kitchen,4,17.3,69.2,Cash,2
TX11070,2025-10-28,CUST1794,47,Unknown,Home & Kitchen,10,445.59,4455.9,Cash,1
TX10832,2025-06-26,CUST1966,32,Male,Clothing,5,348.92,1744.6,Credit Card,2
TX10340,2026-03-05,CUST1468,57,Male,Books,4,222.65,890.6,Debit Card,5
TX10484,2026-01-19,CUST1037,41,Female,Electronics,5,455.92,2279.6,Credit Card,3
TX10191,2025-05-26,CUST1300,62,Female,Clothing,1,319.38,319.38,Debit Card,1
TX10030,2025-08-30,CUST1206,39,Female,Books,4,283.47,1133.88,Unknown,1
TX10103,2025-03-25,CUST1044,38,Unknown,Home & Kitchen,5,245.61,1228.05,Credit Card,5
TX10200,2026-03-15,CUST1810,19,Female,Electronics,1,15.49,15.49,Credit Card,2
TX10907,2025-08-30,CUST1204,25,Male,Electronics,4,154.78,619.12,Debit Card,2
TX10154,2025-12-13,CUST1907,47,Male,Electronics,6,400.46,2402.76,Unknown,3
TX10511,2025-05-18,CUST1042,36,Male,Books,7,459.46,3216.22,Cash,3
TX10947,2025-09-20,CUST_UNKNOWN,56,Male,Electronics,8,280.99,2247.92,PayPal,3
TX11071,2026-03-19,CUST1955,50,Female,Home & Kitchen,14,328.44,4598.16,Debit Card,2
TX10375,2025-08-31,CUST1317,70,Male,Books,8,254.8,2038.4,Debit Card,5
TX10002,2025-11-28,CUST1527,24,Unknown,Electronics,10,33.21,332.1,Credit Card,1
TX10287,2025-11-04,CUST1407,59,Female,Books,4,216.36,865.44,PayPal,3
TX10918,2025-04-25,CUST1834,37,Female,Books,2,429.55,859.1,Debit Card,3
TX11063,2025-11-08,CUST1556,43,Unknown,Books,1,105.54,105.54,Debit Card,2
TX10392,2025-12-31,CUST1484,33,Male,Home & Kitchen,1,434.51,434.51,Unknown,3
TX10509,2025-08-05,CUST1259,53,Male,Home & Kitchen,6,417.71,2506.26,Credit Card,3
TX10223,2026-03-13,CUST1037,48,Female,Books,7,27.09,189.63,Credit Card,3
TX10694,2025-08-24,CUST1771,39,Female,Clothing,3,388.82,1166.46,Credit Card,5
TX10824,2025-04-22,CUST1662,62,Male,Electronics,6,419.3,2515.8,PayPal,2
TX10124,2025-06-04,CUST1195,68,Male,Home & Kitchen,6,259.98,1559.88,PayPal,1
TX10201,2025-10-27,CUST1292,46,Female,Books,6,409.63,2457.78,Credit Card,3
TX10110,2025-01-04,CUST1365,52,Male,Clothing,7,263.02,1841.14,Debit Card,4
TX10956,2025-10-15,CUST1882,29,Female,Home & Kitchen,5,224.39,1121.95,Cash,1
TX10841,2025-06-02,CUST1799,22,Male,Clothing,2,19.58,39.16,Credit Card,2
TX10867,2025-09-04,CUST1048,63,Female,Clothing,5,223.6,1118.0,Debit Card,4
TX10725,2025-06-22,CUST_UNKNOWN,49,Female,Home & Kitchen,6,745.3,4471.8,PayPal,1
TX10882,2025-11-24,CUST1671,56,Male,Electronics,1,55.09,55.09,Cash,4
TX10198,2026-03-18,CUST_UNKNOWN,53,Male,Home & Kitchen,8,327.18,2617.44,Cash,5
TX10193,2025-05-14,CUST1279,46,Female,Clothing,2,156.55,313.1,PayPal,3
TX10389,2025-08-30,CUST1127,43,Unknown,Books,4,54.25,217.0,Cash,2
TX10833,2025-09-22,CUST1818,24,Female,Books,10,496.63,4966.3,PayPal,5
TX11067,2025-01-30,CUST1376,56,Female,Unknown,5,148.27,741.35,Cash,2
TX10497,2025-12-05,CUST1447,42,Female,Clothing,10,275.41,2754.1,Debit Card,4
TX10968,2025-12-15,CUST1910,59,Male,Electronics,3,310.92,932.76,Cash,1
TX10270,2026-01-05,CUST1409,23,Female,Clothing,7,299.83,2098.81,PayPal,1
TX10438,2025-12-02,CUST1761,26,Unknown,Clothing,1,240.02,240.02,Credit Card,4
TX10994,2025-06-01,CUST1450,66,Female,Home & Kitchen,7,17.37,121.59,Cash,5
TX10570,2025-08-30,CUST1916,18,Male,Unknown,7,382.5,2677.5,E-Wallet,3
TX10487,2025-07-18,CUST1979,60,Female,Electronics,1,278.64,278.64,E-Wallet,5
TX11052,2025-10-26,CUST1395,52,Female,Books,1,79.01,79.01,PayPal,5
TX11141,2025-08-30,CUST1347,57,Male,Books,5,288.06,1440.3,Cash,3
TX10676,2025-12-18,CUST1997,30,Female,Books,8,88.06,704.48,E-Wallet,5
TX10064,2025-12-10,CUST_UNKNOWN,38,Male,Electronics,5,394.61,1973.05,Cash,2
TX10138,2025-09-17,CUST1508,68,Unknown,Home & Kitchen,5,274.57,1372.85,Credit Card,1
TX10468,2026-03-09,CUST1708,37,Unknown,Clothing,6,264.82,1588.92,Debit Card,5
TX10120,2026-03-07,CUST1509,45,Unknown,Home & Kitchen,8,67.97,543.76,Cash,2
TX10145,2025-05-31,CUST1376,40,Female,Books,1,344.24,344.24,Cash,4
TX10014,2025-08-30,CUST1946,46,Female,Electronics,7,392.98,2750.86,Credit Card,2
TX10451,2026-01-15,CUST1816,50,Female,Electronics,8,25.01,200.08,Cash,1
TX10471,2026-01-07,CUST1531,26,Unknown,Clothing,1,220.09,220.09,Cash,5
TX10043,2025-12-15,CUST1273,21,Unknown,Home & Kitchen,2,423.51,847.02,Credit Card,2
TX10692,2025-12-02,CUST1820,53,Male,Electronics,8,449.43,3595.44,Cash,5
TX10131,2025-04-24,CUST1084,46,Male,Books,9,301.4,2712.6,Credit Card,4
TX10460,2025-04-25,CUST1744,70,Male,Clothing,6,472.2,2833.2,Cash,4
TX10507,2025-08-04,CUST1434,46,Female,Clothing,9,441.78,3976.02,Cash,1
TX10247,2025-07-10,CUST1080,19,Female,Home & Kitchen,6,185.67,1114.02,Cash,2
TX10924,2025-10-27,CUST1440,62,Unknown,Home & Kitchen,10,319.22,3192.2,E-Wallet,1
TX11059,2025-08-26,CUST1616,58,Female,Clothing,8,417.21,3337.68,PayPal,2
TX10897,2025-08-29,CUST1842,42,Unknown,Home & Kitchen,14,17.2,240.8,Cash,2
TX10764,2026-03-20,CUST1184,46,Female,Books,8,712.18,5697.44,Cash,3
TX10002,2025-08-30,CUST1558,60,Male,Unknown,7,472.37,3306.59,Cash,5
TX10638,2025-09-14,CUST1300,26,Male,Books,7,190.59,1334.13,Cash,2
TX10411,2026-03-21,CUST1328,42,Female,Books,5,45.69,228.45,Cash,1
TX10433,2025-09-29,CUST1105,41,Male,Electronics,6,174.45,1046.7,Debit Card,2
TX10866,2025-07-31,CUST1081,27,Unknown,Electronics,6,479.1,2874.6,Cash,2
TX11080,2026-03-22,CUST1335,60,Unknown,Electronics,8,233.89,1871.12,Debit Card,3
TX10000,2025-03-12,CUST1676,18,Female,Books,3,338.77,1016.31,Cash,3
TX10338,2025-06-25,CUST1302,19,Male,Electronics,6,155.43,932.58,Debit Card,1
TX10973,2025-10-19,CUST1313,49,Male,Clothing,3,394.19,1182.57,Cash,3
TX10262,2025-03-15,CUST1456,46,Unknown,Books,9,339.76,3057.84,PayPal,2
TX10257,2026-03-18,CUST1617,59,Male,Electronics,3,280.2,840.6,PayPal,5
TX11090,2026-02-03,CUST1734,47,Male,Books,10,308.19,3081.9,PayPal,3
TX10141,2025-09-07,CUST1436,62,Male,Electronics,4,470.58,1882.32,Cash,1
TX10995,2025-11-20,CUST1170,45,Male,Home & Kitchen,7,96.74,677.18,Cash,3
TX10175,2025-06-10,CUST1706,47,Female,Electronics,7,472.08,3304.56,Credit Card,3
TX10161,2025-01-03,CUST1454,53,Female,Books,9,297.94,2681.46,Credit Card,5
TX10493,2025-05-21,CUST_UNKNOWN,42,Male,Books,9,254.8,2293.2,Debit Card,4
TX10118,2026-01-25,CUST1457,29,Female,Home & Kitchen,1,457.57,457.57,E-Wallet,1
TX10490,2025-10-23,CUST1043,46,Unknown,Clothing,9,368.39,3315.51,PayPal,5
TX10629,2025-09-08,CUST1744,64,Male,Books,3,74.63,223.89,Credit Card,1
TX10743,2025-03-08,CUST1890,50,Male,Electronics,6,179.84,1079.04,Cash,3
TX10229,2025-11-21,CUST1933,52,Male,Home & Kitchen,6,248.19,1489.14,Credit Card,3
TX10039,2025-07-26,CUST1361,20,Male,Home & Kitchen,6,166.29,997.74,PayPal,5
TX11000,2025-09-02,CUST1629,46,Female,Books,7,71.95,503.65,Credit Card,3
TX10663,2025-01-03,CUST1445,41,Male,Books,7,79.35,555.45,Unknown,2
TX10001,2025-10-01,CUST1281,48,Male,Electronics,6,189.91,1139.46,Unknown,5
TX11086,2026-01-10,CUST1654,46,Female,Books,2,358.05,716.1,E-Wallet,2
TX11104,2025-01-08,CUST1810,64,Female,Home & Kitchen,8,369.82,2958.56,Credit Card,3
TX10330,2026-01-23,CUST1970,66,Male,Home & Kitchen,4,205.66,822.64,Debit Card,2
TX10765,2025-01-10,CUST1058,47,Unknown,Electronics,9,450.25,4052.25,Credit Card,3
TX10022,2025-11-17,CUST1076,51,Male,Clothing,8,475.81,3806.48,PayPal,3
TX10407,2025-04-26,CUST1687,23,Male,Books,2,113.52,227.04,Cash,1
TX11129,2025-06-09,CUST_UNKNOWN,58,Female,Unknown,5,425.33,2126.65,Credit Card,2
TX10611,2025-08-30,CUST1415,60,Female,Electronics,7,97.04,679.28,Debit Card,3
TX10217,2025-09-15,CUST1372,58,Female,Home & Kitchen,4,284.4,1137.6,PayPal,3
TX11039,2025-03-27,CUST_UNKNOWN,55,Male,Books,6,254.8,1528.8,Credit Card,2
TX10365,2026-02-26,CUST1820,46,Male,Electronics,6,12.48,74.88,Credit Card,3
TX11025,2025-06-02,CUST1767,52,Male,Clothing,1,264.88,264.88,Cash,2
TX10539,2025-08-22,CUST1695,48,Male,Books,4,254.8,1019.2,PayPal,5
TX10006,2025-08-11,CUST1163,48,Male,Home & Kitchen,2,259.98,519.96,E-Wallet,3
TX10929,2025-06-25,CUST_UNKNOWN,39,Male,Books,8,127.78,1022.24,Cash,2
TX10323,2025-07-03,CUST1031,69,Male,Clothing,6,215.65,1293.9,Debit Card,4
TX10890,2025-03-26,CUST1146,28,Female,Books,6,467.64,2805.84,Debit Card,4
TX10601,2025-01-10,CUST1869,56,Female,Home & Kitchen,10,399.47,3994.7,PayPal,4
TX10228,2025-04-25,CUST1622,64,Male,Clothing,7,245.92,1721.44,Cash,2
TX10696,2025-04-19,CUST1694,34,Female,Electronics,5,182.2,911.0,PayPal,2
TX10010,2025-10-29,CUST1800,48,Unknown,Electronics,10,352.03,3520.3,E-Wallet,4
TX11099,2025-03-05,CUST1448,54,Male,Home & Kitchen,6,259.98,1559.88,PayPal,3
TX10234,2025-12-31,CUST1035,36,Female,Electronics,6,487.62,2925.72,Unknown,1
TX10023,2025-08-30,CUST1129,57,Female,Home & Kitchen,8,423.48,3387.84,PayPal,5
TX11133,2026-01-30,CUST1068,49,Male,Electronics,6,63.51,381.06,Credit Card,2
TX10514,2025-11-01,CUST1241,50,Female,Books,1,52.23,52.23,Credit Card,3
TX11083,2025-12-05,CUST1797,68,Male,Clothing,8,49.63,397.04,Cash,2
TX10958,2025-12-01,CUST1660,26,Male,Home & Kitchen,7,374.5,2621.5,Cash,3
TX10781,2025-01-25,CUST1375,35,Female,Clothing,2,410.3,820.6,E-Wallet,2
TX10788,2025-08-02,CUST1370,18,Female,Electronics,10,36.09,360.9,Cash,4
TX10130,2025-07-14,CUST1392,46,Female,Books,6,107.81,646.86,Credit Card,2
TX10864,2025-10-08,CUST1972,55,Male,Books,6,44.73,268.38,PayPal,2
TX10327,2025-08-31,CUST1580,60,Male,Clothing,14,163.82,2293.48,PayPal,2
TX10313,2025-04-16,CUST1033,46,Male,Electronics,8,478.92,3831.36,Credit Card,3
TX10224,2025-06-04,CUST1619,68,Male,Clothing,2,353.32,706.64,Cash,5
TX10096,2025-12-05,CUST1157,49,Unknown,Home & Kitchen,9,745.3,6707.7,Cash,2
TX10186,2025-12-06,CUST1695,51,Unknown,Unknown,4,394.75,1579.0,Credit Card,4
TX11010,2025-08-30,CUST1460,39,Male,Books,2,170.34,340.68,PayPal,5
TX11043,2025-08-03,CUST1971,46,Male,Home & Kitchen,6,407.26,2443.56,PayPal,5
TX10283,2025-09-19,CUST1379,46,Female,Home & Kitchen,8,288.07,2304.56,Credit Card,3
TX10082,2025-05-25,CUST1380,49,Female,Clothing,5,300.62,1503.1,Credit Card,3
TX10741,2026-02-06,CUST1454,44,Unknown,Unknown,8,433.95,3471.6,PayPal,2
TX10817,2025-09-12,CUST1781,33,Male,Electronics,7,74.44,521.08,PayPal,5
TX10877,2025-11-08,CUST1078,64,Male,Books,6,478.71,2872.26,Cash,3
TX10538,2026-02-03,CUST1587,31,Female,Home & Kitchen,1,212.58,212.58,PayPal,3
TX11103,2025-08-30,CUST1140,40,Female,Books,6,480.07,2880.42,PayPal,1
TX11149,2025-07-03,CUST1542,34,Female,Electronics,9,262.19,2359.71,Credit Card,2
TX10505,2025-06-01,CUST1375,25,Male,Home & Kitchen,5,242.33,1211.65,PayPal,3
TX10285,2025-01-21,CUST1407,47,Female,Books,7,407.36,2851.52,Credit Card,3
TX10542,2025-04-17,CUST1321,37,Female,Books,9,451.83,4066.47,Cash,5
TX10292,2025-06-19,CUST1665,66,Male,Clothing,1,44.65,44.65,PayPal,5
TX10939,2025-01-02,CUST1285,46,Unknown,Home & Kitchen,2,32.25,64.5,Unknown,3
TX10810,2025-12-10,CUST_UNKNOWN,63,Male,Electronics,8,285.13,2281.04,Credit Card,4
TX11022,2025-08-30,CUST1983,34,Male,Home & Kitchen,8,118.67,949.36,Credit Card,1
TX10435,2025-03-18,CUST1116,45,Male,Home & Kitchen,3,239.45,718.35,Credit Card,4
TX10644,2026-02-04,CUST1026,69,Male,Home & Kitchen,10,485.7,4857.0,Credit Card,5
TX10050,2026-01-06,CUST1753,61,Female,Books,2,366.9,733.8,Debit Card,4
TX10432,2025-05-12,CUST_UNKNOWN,51,Male,Unknown,2,266.77,533.54,Credit Card,2
TX10135,2025-08-22,CUST1511,20,Male,Clothing,8,128.56,1028.48,Cash,1
TX10548,2025-05-16,CUST1530,52,Female,Books,7,84.18,589.26,Credit Card,4
TX10821,2025-08-30,CUST1396,45,Male,Electronics,3,208.76,626.28,Credit Card,1
TX10646,2026-02-21,CUST1935,59,Male,Home & Kitchen,1,277.38,277.38,Credit Card,1
TX10065,2026-03-24,CUST1575,39,Female,Books,4,220.34,881.36,Credit Card,5
TX10469,2026-03-13,CUST1120,69,Male,Books,10,278.5,2785.0,Debit Card,3
TX10114,2025-07-04,CUST1268,46,Female,Clothing,4,673.3,2693.2,PayPal,5
TX10664,2025-08-07,CUST1793,47,Male,Electronics,2,466.16,932.32,Cash,2
TX10449,2025-02-18,CUST1266,65,Female,Clothing,3,278.11,834.33,PayPal,4
TX11140,2025-01-05,CUST1720,61,Male,Electronics,10,245.12,2451.2,Credit Card,3
TX10552,2025-12-06,CUST1456,30,Female,Clothing,8,461.36,3690.88,PayPal,3
TX10777,2025-06-18,CUST1219,61,Female,Books,7,319.0,2233.0,Credit Card,4
TX10946,2025-08-13,CUST1626,29,Female,Home & Kitchen,9,208.89,1880.01,Credit Card,4
TX10334,2026-03-26,CUST1292,18,Female,Books,6,33.24,199.44,Credit Card,5
TX10501,2025-07-10,CUST1710,22,Female,Home & Kitchen,2,228.3,456.6,Cash,5
TX11093,2025-04-04,CUST1938,24,Unknown,Home & Kitchen,1,145.58,145.58,Cash,1
TX10350,2025-07-25,CUST1502,61,Unknown,Home & Kitchen,9,186.45,1678.05,Credit Card,1
TX10146,2025-08-22,CUST1204,32,Unknown,Books,2,182.7,365.4,Credit Card,1
TX10546,2026-03-04,CUST1125,34,Female,Books,5,204.56,1022.8,Credit Card,4
TX10429,2025-12-20,CUST1138,19,Female,Books,6,99.56,597.36,Debit Card,1
TX10727,2026-02-14,CUST1873,46,Female,Books,9,254.8,2293.2,Credit Card,5
TX10758,2025-11-29,CUST1075,46,Female,Clothing,6,173.32,1039.92,PayPal,1
